date,unit,beds,bed_requests,admitted,diverted,discharges,census,occupancy
2023-01-01,ICU,28,10,8,2,7,28,1.0
2023-01-02,ICU,28,8,5,3,5,28,1.0
2023-01-03,ICU,28,5,4,1,4,28,1.0
2023-01-04,ICU,28,8,8,0,10,26,0.9286
2023-01-05,ICU,28,2,2,0,7,21,0.75
2023-01-06,ICU,28,5,5,0,4,22,0.7857
2023-01-07,ICU,28,7,7,0,3,26,0.9286
2023-01-08,ICU,28,8,7,1,5,28,1.0
2023-01-09,ICU,28,7,7,0,8,27,0.9643
2023-01-10,ICU,28,6,6,0,9,24,0.8571
2023-01-11,ICU,28,11,8,3,4,28,1.0
2023-01-12,ICU,28,4,4,0,6,26,0.9286
2023-01-13,ICU,28,4,4,0,2,28,1.0
2023-01-14,ICU,28,5,5,0,9,24,0.8571
2023-01-15,ICU,28,1,1,0,9,16,0.5714
2023-01-16,ICU,28,10,10,0,3,23,0.8214
2023-01-17,ICU,28,3,3,0,5,21,0.75
2023-01-18,ICU,28,6,6,0,4,23,0.8214
2023-01-19,ICU,28,6,6,0,10,19,0.6786
2023-01-20,ICU,28,8,8,0,4,23,0.8214
2023-01-21,ICU,28,8,8,0,5,26,0.9286
2023-01-22,ICU,28,8,5,3,3,28,1.0
2023-01-23,ICU,28,6,6,0,8,26,0.9286
2023-01-24,ICU,28,12,7,5,5,28,1.0
2023-01-25,ICU,28,8,4,4,4,28,1.0
2023-01-26,ICU,28,6,6,0,6,28,1.0
2023-01-27,ICU,28,11,7,4,7,28,1.0
2023-01-28,ICU,28,7,3,4,3,28,1.0
2023-01-29,ICU,28,6,5,1,5,28,1.0
2023-01-30,ICU,28,8,8,0,10,26,0.9286
2023-01-31,ICU,28,7,7,0,7,26,0.9286
2023-02-01,ICU,28,6,6,0,4,28,1.0
2023-02-02,ICU,28,9,8,1,8,28,1.0
2023-02-03,ICU,28,7,5,2,5,28,1.0
2023-02-04,ICU,28,4,4,0,5,27,0.9643
2023-02-05,ICU,28,6,6,0,7,26,0.9286
2023-02-06,ICU,28,8,8,0,6,28,1.0
2023-02-07,ICU,28,6,6,0,8,26,0.9286
2023-02-08,ICU,28,5,5,0,6,25,0.8929
2023-02-09,ICU,28,5,5,0,7,23,0.8214
2023-02-10,ICU,28,7,7,0,8,22,0.7857
2023-02-11,ICU,28,6,6,0,4,24,0.8571
2023-02-12,ICU,28,5,5,0,6,23,0.8214
2023-02-13,ICU,28,2,2,0,4,21,0.75
2023-02-14,ICU,28,3,3,0,6,18,0.6429
2023-02-15,ICU,28,10,10,0,4,24,0.8571
2023-02-16,ICU,28,4,4,0,4,24,0.8571
2023-02-17,ICU,28,9,9,0,7,26,0.9286
2023-02-18,ICU,28,9,7,2,5,28,1.0
2023-02-19,ICU,28,11,4,7,4,28,1.0
2023-02-20,ICU,28,10,8,2,8,28,1.0
2023-02-21,ICU,28,8,7,1,7,28,1.0
2023-02-22,ICU,28,11,8,3,8,28,1.0
2023-02-23,ICU,28,3,3,0,4,27,0.9643
2023-02-24,ICU,28,6,2,4,1,28,1.0
2023-02-25,ICU,28,10,4,6,4,28,1.0
2023-02-26,ICU,28,4,4,0,5,27,0.9643
2023-02-27,ICU,28,5,5,0,7,25,0.8929
2023-02-28,ICU,28,4,4,0,8,21,0.75
2023-03-01,ICU,28,5,5,0,6,20,0.7143
2023-03-02,ICU,28,7,7,0,4,23,0.8214
2023-03-03,ICU,28,8,8,0,5,26,0.9286
2023-03-04,ICU,28,5,5,0,5,26,0.9286
2023-03-05,ICU,28,3,3,0,5,24,0.8571
2023-03-06,ICU,28,7,7,0,6,25,0.8929
2023-03-07,ICU,28,4,4,0,8,21,0.75
2023-03-08,ICU,28,6,6,0,4,23,0.8214
2023-03-09,ICU,28,2,2,0,5,20,0.7143
2023-03-10,ICU,28,11,11,0,4,27,0.9643
2023-03-11,ICU,28,7,7,0,7,27,0.9643
2023-03-12,ICU,28,3,3,0,9,21,0.75
2023-03-13,ICU,28,6,6,0,2,25,0.8929
2023-03-14,ICU,28,10,10,0,8,27,0.9643
2023-03-15,ICU,28,8,7,1,6,28,1.0
2023-03-16,ICU,28,7,4,3,4,28,1.0
2023-03-17,ICU,28,4,4,0,12,20,0.7143
2023-03-18,ICU,28,5,5,0,2,23,0.8214
2023-03-19,ICU,28,5,5,0,4,24,0.8571
2023-03-20,ICU,28,1,1,0,8,17,0.6071
2023-03-21,ICU,28,6,6,0,3,20,0.7143
2023-03-22,ICU,28,3,3,0,7,16,0.5714
2023-03-23,ICU,28,4,4,0,2,18,0.6429
2023-03-24,ICU,28,7,7,0,9,16,0.5714
2023-03-25,ICU,28,8,8,0,4,20,0.7143
2023-03-26,ICU,28,6,6,0,0,26,0.9286
2023-03-27,ICU,28,9,9,0,9,26,0.9286
2023-03-28,ICU,28,7,7,0,6,27,0.9643
2023-03-29,ICU,28,4,4,0,8,23,0.8214
2023-03-30,ICU,28,4,4,0,5,22,0.7857
2023-03-31,ICU,28,3,3,0,6,19,0.6786
2023-04-01,ICU,28,3,3,0,5,17,0.6071
2023-04-02,ICU,28,10,10,0,4,23,0.8214
2023-04-03,ICU,28,5,5,0,4,24,0.8571
2023-04-04,ICU,28,8,8,0,7,25,0.8929
2023-04-05,ICU,28,5,5,0,7,23,0.8214
2023-04-06,ICU,28,3,3,0,2,24,0.8571
2023-04-07,ICU,28,5,5,0,6,23,0.8214
2023-04-08,ICU,28,6,6,0,6,23,0.8214
2023-04-09,ICU,28,7,7,0,7,23,0.8214
2023-04-10,ICU,28,13,9,4,4,28,1.0
2023-04-11,ICU,28,5,4,1,4,28,1.0
2023-04-12,ICU,28,9,5,4,5,28,1.0
2023-04-13,ICU,28,7,7,0,10,25,0.8929
2023-04-14,ICU,28,6,6,0,9,22,0.7857
2023-04-15,ICU,28,6,6,0,6,22,0.7857
2023-04-16,ICU,28,4,4,0,3,23,0.8214
2023-04-17,ICU,28,5,5,0,7,21,0.75
2023-04-18,ICU,28,4,4,0,5,20,0.7143
2023-04-19,ICU,28,6,6,0,4,22,0.7857
2023-04-20,ICU,28,7,7,0,3,26,0.9286
2023-04-21,ICU,28,3,3,0,4,25,0.8929
2023-04-22,ICU,28,6,5,1,2,28,1.0
2023-04-23,ICU,28,8,7,1,7,28,1.0
2023-04-24,ICU,28,11,6,5,6,28,1.0
2023-04-25,ICU,28,2,2,0,5,25,0.8929
2023-04-26,ICU,28,3,3,0,6,22,0.7857
2023-04-27,ICU,28,3,3,0,6,19,0.6786
2023-04-28,ICU,28,4,4,0,5,18,0.6429
2023-04-29,ICU,28,7,7,0,1,24,0.8571
2023-04-30,ICU,28,11,8,3,4,28,1.0
2023-05-01,ICU,28,3,3,0,7,24,0.8571
2023-05-02,ICU,28,5,5,0,5,24,0.8571
2023-05-03,ICU,28,4,4,0,4,24,0.8571
2023-05-04,ICU,28,2,2,0,6,20,0.7143
2023-05-05,ICU,28,5,5,0,5,20,0.7143
2023-05-06,ICU,28,10,10,0,6,24,0.8571
2023-05-07,ICU,28,3,3,0,3,24,0.8571
2023-05-08,ICU,28,5,5,0,2,27,0.9643
2023-05-09,ICU,28,8,7,1,6,28,1.0
2023-05-10,ICU,28,4,4,0,6,26,0.9286
2023-05-11,ICU,28,5,5,0,6,25,0.8929
2023-05-12,ICU,28,4,4,0,7,22,0.7857
2023-05-13,ICU,28,3,3,0,6,19,0.6786
2023-05-14,ICU,28,3,3,0,7,15,0.5357
2023-05-15,ICU,28,8,8,0,5,18,0.6429
2023-05-16,ICU,28,7,7,0,1,24,0.8571
2023-05-17,ICU,28,5,5,0,4,25,0.8929
2023-05-18,ICU,28,4,4,0,5,24,0.8571
2023-05-19,ICU,28,7,7,0,6,25,0.8929
2023-05-20,ICU,28,5,5,0,6,24,0.8571
2023-05-21,ICU,28,4,4,0,7,21,0.75
2023-05-22,ICU,28,4,4,0,8,17,0.6071
2023-05-23,ICU,28,5,5,0,3,19,0.6786
2023-05-24,ICU,28,3,3,0,6,16,0.5714
2023-05-25,ICU,28,6,6,0,2,20,0.7143
2023-05-26,ICU,28,6,6,0,5,21,0.75
2023-05-27,ICU,28,5,5,0,5,21,0.75
2023-05-28,ICU,28,3,3,0,6,18,0.6429
2023-05-29,ICU,28,5,5,0,4,19,0.6786
2023-05-30,ICU,28,5,5,0,6,18,0.6429
2023-05-31,ICU,28,5,5,0,3,20,0.7143
2023-06-01,ICU,28,9,9,0,3,26,0.9286
2023-06-02,ICU,28,2,2,0,9,19,0.6786
2023-06-03,ICU,28,10,10,0,6,23,0.8214
2023-06-04,ICU,28,2,2,0,2,23,0.8214
2023-06-05,ICU,28,13,10,3,5,28,1.0
2023-06-06,ICU,28,6,6,0,10,24,0.8571
2023-06-07,ICU,28,3,3,0,5,22,0.7857
2023-06-08,ICU,28,7,7,0,2,27,0.9643
2023-06-09,ICU,28,7,7,0,7,27,0.9643
2023-06-10,ICU,28,3,3,0,6,24,0.8571
2023-06-11,ICU,28,10,9,1,5,28,1.0
2023-06-12,ICU,28,9,5,4,5,28,1.0
2023-06-13,ICU,28,5,4,1,4,28,1.0
2023-06-14,ICU,28,5,5,0,7,26,0.9286
2023-06-15,ICU,28,3,3,0,8,21,0.75
2023-06-16,ICU,28,8,8,0,6,23,0.8214
2023-06-17,ICU,28,2,2,0,5,20,0.7143
2023-06-18,ICU,28,6,6,0,6,20,0.7143
2023-06-19,ICU,28,9,9,0,4,25,0.8929
2023-06-20,ICU,28,6,6,0,7,24,0.8571
2023-06-21,ICU,28,5,5,0,6,23,0.8214
2023-06-22,ICU,28,10,8,2,3,28,1.0
2023-06-23,ICU,28,4,4,0,7,25,0.8929
2023-06-24,ICU,28,1,1,0,9,17,0.6071
2023-06-25,ICU,28,5,5,0,5,17,0.6071
2023-06-26,ICU,28,3,3,0,5,15,0.5357
2023-06-27,ICU,28,3,3,0,4,14,0.5
2023-06-28,ICU,28,8,8,0,4,18,0.6429
2023-06-29,ICU,28,2,2,0,1,19,0.6786
2023-06-30,ICU,28,6,6,0,7,18,0.6429
2023-07-01,ICU,28,7,7,0,2,23,0.8214
2023-07-02,ICU,28,8,8,0,5,26,0.9286
2023-07-03,ICU,28,4,4,0,3,27,0.9643
2023-07-04,ICU,28,6,6,0,5,28,1.0
2023-07-05,ICU,28,2,2,0,7,23,0.8214
2023-07-06,ICU,28,3,3,0,4,22,0.7857
2023-07-07,ICU,28,3,3,0,6,19,0.6786
2023-07-08,ICU,28,4,4,0,5,18,0.6429
2023-07-09,ICU,28,2,2,0,3,17,0.6071
2023-07-10,ICU,28,8,8,0,3,22,0.7857
2023-07-11,ICU,28,7,7,0,4,25,0.8929
2023-07-12,ICU,28,3,3,0,3,25,0.8929
2023-07-13,ICU,28,4,4,0,11,18,0.6429
2023-07-14,ICU,28,4,4,0,1,21,0.75
2023-07-15,ICU,28,5,5,0,8,18,0.6429
2023-07-16,ICU,28,3,3,0,5,16,0.5714
2023-07-17,ICU,28,6,6,0,2,20,0.7143
2023-07-18,ICU,28,9,9,0,2,27,0.9643
2023-07-19,ICU,28,7,5,2,4,28,1.0
2023-07-20,ICU,28,5,5,0,5,28,1.0
2023-07-21,ICU,28,5,5,0,9,24,0.8571
2023-07-22,ICU,28,5,5,0,11,18,0.6429
2023-07-23,ICU,28,3,3,0,5,16,0.5714
2023-07-24,ICU,28,2,2,0,5,13,0.4643
2023-07-25,ICU,28,2,2,0,1,14,0.5
2023-07-26,ICU,28,2,2,0,2,14,0.5
2023-07-27,ICU,28,5,5,0,1,18,0.6429
2023-07-28,ICU,28,7,7,0,6,19,0.6786
2023-07-29,ICU,28,4,4,0,4,19,0.6786
2023-07-30,ICU,28,6,6,0,7,18,0.6429
2023-07-31,ICU,28,7,7,0,2,23,0.8214
2023-08-01,ICU,28,6,6,0,6,23,0.8214
2023-08-02,ICU,28,2,2,0,7,18,0.6429
2023-08-03,ICU,28,3,3,0,2,19,0.6786
2023-08-04,ICU,28,5,5,0,4,20,0.7143
2023-08-05,ICU,28,7,7,0,5,22,0.7857
2023-08-06,ICU,28,6,6,0,8,20,0.7143
2023-08-07,ICU,28,8,8,0,5,23,0.8214
2023-08-08,ICU,28,5,5,0,6,22,0.7857
2023-08-09,ICU,28,4,4,0,6,20,0.7143
2023-08-10,ICU,28,5,5,0,4,21,0.75
2023-08-11,ICU,28,4,4,0,5,20,0.7143
2023-08-12,ICU,28,8,8,0,4,24,0.8571
2023-08-13,ICU,28,6,6,0,4,26,0.9286
2023-08-14,ICU,28,6,6,0,4,28,1.0
2023-08-15,ICU,28,7,7,0,8,27,0.9643
2023-08-16,ICU,28,5,5,0,8,24,0.8571
2023-08-17,ICU,28,5,5,0,6,23,0.8214
2023-08-18,ICU,28,7,7,0,6,24,0.8571
2023-08-19,ICU,28,5,5,0,7,22,0.7857
2023-08-20,ICU,28,6,6,0,4,24,0.8571
2023-08-21,ICU,28,8,8,0,9,23,0.8214
2023-08-22,ICU,28,6,6,0,4,25,0.8929
2023-08-23,ICU,28,6,6,0,9,22,0.7857
2023-08-24,ICU,28,6,6,0,5,23,0.8214
2023-08-25,ICU,28,3,3,0,2,24,0.8571
2023-08-26,ICU,28,3,3,0,6,21,0.75
2023-08-27,ICU,28,10,10,0,6,25,0.8929
2023-08-28,ICU,28,5,4,1,1,28,1.0
2023-08-29,ICU,28,10,5,5,5,28,1.0
2023-08-30,ICU,28,5,5,0,7,26,0.9286
2023-08-31,ICU,28,9,9,0,7,28,1.0
2023-09-01,ICU,28,6,6,0,11,23,0.8214
2023-09-02,ICU,28,8,8,0,3,28,1.0
2023-09-03,ICU,28,5,4,1,4,28,1.0
2023-09-04,ICU,28,5,5,0,14,19,0.6786
2023-09-05,ICU,28,2,2,0,4,17,0.6071
2023-09-06,ICU,28,2,2,0,3,16,0.5714
2023-09-07,ICU,28,2,2,0,6,12,0.4286
2023-09-08,ICU,28,3,3,0,0,15,0.5357
2023-09-09,ICU,28,6,6,0,5,16,0.5714
2023-09-10,ICU,28,3,3,0,2,17,0.6071
2023-09-11,ICU,28,7,7,0,4,20,0.7143
2023-09-12,ICU,28,6,6,0,5,21,0.75
2023-09-13,ICU,28,7,7,0,6,22,0.7857
2023-09-14,ICU,28,2,2,0,5,19,0.6786
2023-09-15,ICU,28,8,8,0,5,22,0.7857
2023-09-16,ICU,28,1,1,0,5,18,0.6429
2023-09-17,ICU,28,2,2,0,5,15,0.5357
2023-09-18,ICU,28,7,7,0,3,19,0.6786
2023-09-19,ICU,28,8,8,0,2,25,0.8929
2023-09-20,ICU,28,4,4,0,8,21,0.75
2023-09-21,ICU,28,7,7,0,5,23,0.8214
2023-09-22,ICU,28,3,3,0,4,22,0.7857
2023-09-23,ICU,28,2,2,0,4,20,0.7143
2023-09-24,ICU,28,6,6,0,6,20,0.7143
2023-09-25,ICU,28,5,5,0,8,17,0.6071
2023-09-26,ICU,28,7,7,0,5,19,0.6786
2023-09-27,ICU,28,4,4,0,2,21,0.75
2023-09-28,ICU,28,7,7,0,2,26,0.9286
2023-09-29,ICU,28,4,4,0,9,21,0.75
2023-09-30,ICU,28,7,7,0,2,26,0.9286
2023-10-01,ICU,28,2,2,0,6,22,0.7857
2023-10-02,ICU,28,8,8,0,5,25,0.8929
2023-10-03,ICU,28,12,12,0,10,27,0.9643
2023-10-04,ICU,28,8,8,0,7,28,1.0
2023-10-05,ICU,28,4,4,0,9,23,0.8214
2023-10-06,ICU,28,8,8,0,5,26,0.9286
2023-10-07,ICU,28,4,4,0,9,21,0.75
2023-10-08,ICU,28,7,7,0,10,18,0.6429
2023-10-09,ICU,28,9,9,0,4,23,0.8214
2023-10-10,ICU,28,10,10,0,11,22,0.7857
2023-10-11,ICU,28,10,9,1,3,28,1.0
2023-10-12,ICU,28,5,5,0,7,26,0.9286
2023-10-13,ICU,28,10,6,4,4,28,1.0
2023-10-14,ICU,28,2,2,0,7,23,0.8214
2023-10-15,ICU,28,4,4,0,6,21,0.75
2023-10-16,ICU,28,3,3,0,1,23,0.8214
2023-10-17,ICU,28,15,9,6,4,28,1.0
2023-10-18,ICU,28,2,2,0,8,22,0.7857
2023-10-19,ICU,28,8,8,0,6,24,0.8571
2023-10-20,ICU,28,10,9,1,5,28,1.0
2023-10-21,ICU,28,8,3,5,3,28,1.0
2023-10-22,ICU,28,6,5,1,5,28,1.0
2023-10-23,ICU,28,5,5,0,7,26,0.9286
2023-10-24,ICU,28,8,8,0,8,26,0.9286
2023-10-25,ICU,28,10,5,5,3,28,1.0
2023-10-26,ICU,28,5,5,0,9,24,0.8571
2023-10-27,ICU,28,8,8,0,10,22,0.7857
2023-10-28,ICU,28,4,4,0,1,25,0.8929
2023-10-29,ICU,28,7,7,0,6,26,0.9286
2023-10-30,ICU,28,8,6,2,4,28,1.0
2023-10-31,ICU,28,4,4,0,6,26,0.9286
2023-11-01,ICU,28,8,8,0,7,27,0.9643
2023-11-02,ICU,28,9,5,4,4,28,1.0
2023-11-03,ICU,28,4,3,1,3,28,1.0
2023-11-04,ICU,28,3,3,0,6,25,0.8929
2023-11-05,ICU,28,1,1,0,7,19,0.6786
2023-11-06,ICU,28,5,5,0,4,20,0.7143
2023-11-07,ICU,28,7,7,0,0,27,0.9643
2023-11-08,ICU,28,10,8,2,7,28,1.0
2023-11-09,ICU,28,6,6,0,8,26,0.9286
2023-11-10,ICU,28,3,3,0,5,24,0.8571
2023-11-11,ICU,28,3,3,0,6,21,0.75
2023-11-12,ICU,28,3,3,0,7,17,0.6071
2023-11-13,ICU,28,8,8,0,6,19,0.6786
2023-11-14,ICU,28,6,6,0,2,23,0.8214
2023-11-15,ICU,28,6,6,0,7,22,0.7857
2023-11-16,ICU,28,9,9,0,6,25,0.8929
2023-11-17,ICU,28,6,6,0,8,23,0.8214
2023-11-18,ICU,28,9,9,0,5,27,0.9643
2023-11-19,ICU,28,6,6,0,6,27,0.9643
2023-11-20,ICU,28,5,5,0,8,24,0.8571
2023-11-21,ICU,28,10,6,4,2,28,1.0
2023-11-22,ICU,28,13,10,3,10,28,1.0
2023-11-23,ICU,28,7,7,0,8,27,0.9643
2023-11-24,ICU,28,10,7,3,6,28,1.0
2023-11-25,ICU,28,4,4,0,5,27,0.9643
2023-11-26,ICU,28,6,6,0,5,28,1.0
2023-11-27,ICU,28,5,5,0,5,28,1.0
2023-11-28,ICU,28,4,4,0,9,23,0.8214
2023-11-29,ICU,28,10,10,0,7,26,0.9286
2023-11-30,ICU,28,8,4,4,2,28,1.0
2023-12-01,ICU,28,4,4,0,5,27,0.9643
2023-12-02,ICU,28,4,4,0,7,24,0.8571
2023-12-03,ICU,28,1,1,0,10,15,0.5357
2023-12-04,ICU,28,4,4,0,3,16,0.5714
2023-12-05,ICU,28,5,5,0,1,20,0.7143
2023-12-06,ICU,28,8,8,0,7,21,0.75
2023-12-07,ICU,28,11,11,0,6,26,0.9286
2023-12-08,ICU,28,10,5,5,3,28,1.0
2023-12-09,ICU,28,8,8,0,9,27,0.9643
2023-12-10,ICU,28,6,6,0,7,26,0.9286
2023-12-11,ICU,28,9,8,1,6,28,1.0
2023-12-12,ICU,28,5,5,0,6,27,0.9643
2023-12-13,ICU,28,10,10,0,9,28,1.0
2023-12-14,ICU,28,11,4,7,4,28,1.0
2023-12-15,ICU,28,7,6,1,6,28,1.0
2023-12-16,ICU,28,3,3,0,6,25,0.8929
2023-12-17,ICU,28,7,7,0,4,28,1.0
2023-12-18,ICU,28,6,5,1,5,28,1.0
2023-12-19,ICU,28,5,5,0,9,24,0.8571
2023-12-20,ICU,28,12,11,1,7,28,1.0
2023-12-21,ICU,28,8,5,3,5,28,1.0
2023-12-22,ICU,28,7,7,0,7,28,1.0
2023-12-23,ICU,28,5,5,0,7,26,0.9286
2023-12-24,ICU,28,6,6,0,5,27,0.9643
2023-12-25,ICU,28,4,4,0,6,25,0.8929
2023-12-26,ICU,28,7,7,0,5,27,0.9643
2023-12-27,ICU,28,5,5,0,10,22,0.7857
2023-12-28,ICU,28,8,8,0,6,24,0.8571
2023-12-29,ICU,28,5,5,0,5,24,0.8571
2023-12-30,ICU,28,4,4,0,6,22,0.7857
2023-12-31,ICU,28,6,6,0,3,25,0.8929
2024-01-01,ICU,28,7,7,0,7,25,0.8929
2024-01-02,ICU,28,5,5,0,7,23,0.8214
2024-01-03,ICU,28,10,10,0,7,26,0.9286
2024-01-04,ICU,28,10,7,3,5,28,1.0
2024-01-05,ICU,28,9,7,2,7,28,1.0
2024-01-06,ICU,28,5,4,1,4,28,1.0
2024-01-07,ICU,28,8,8,0,12,24,0.8571
2024-01-08,ICU,28,3,3,0,7,20,0.7143
2024-01-09,ICU,28,3,3,0,4,19,0.6786
2024-01-10,ICU,28,6,6,0,3,22,0.7857
2024-01-11,ICU,28,11,11,0,5,28,1.0
2024-01-12,ICU,28,7,7,0,7,28,1.0
2024-01-13,ICU,28,3,3,0,6,25,0.8929
2024-01-14,ICU,28,6,6,0,4,27,0.9643
2024-01-15,ICU,28,12,9,3,8,28,1.0
2024-01-16,ICU,28,4,3,1,3,28,1.0
2024-01-17,ICU,28,7,2,5,2,28,1.0
2024-01-18,ICU,28,5,5,0,5,28,1.0
2024-01-19,ICU,28,9,9,0,9,28,1.0
2024-01-20,ICU,28,8,6,2,6,28,1.0
2024-01-21,ICU,28,4,3,1,3,28,1.0
2024-01-22,ICU,28,2,2,0,4,26,0.9286
2024-01-23,ICU,28,9,9,0,10,25,0.8929
2024-01-24,ICU,28,6,6,0,5,26,0.9286
2024-01-25,ICU,28,7,7,0,7,26,0.9286
2024-01-26,ICU,28,7,7,0,7,26,0.9286
2024-01-27,ICU,28,9,9,0,9,26,0.9286
2024-01-28,ICU,28,8,4,4,2,28,1.0
2024-01-29,ICU,28,4,4,0,5,27,0.9643
2024-01-30,ICU,28,10,5,5,4,28,1.0
2024-01-31,ICU,28,6,6,0,6,28,1.0
2024-02-01,ICU,28,9,6,3,6,28,1.0
2024-02-02,ICU,28,7,4,3,4,28,1.0
2024-02-03,ICU,28,7,6,1,6,28,1.0
2024-02-04,ICU,28,12,10,2,10,28,1.0
2024-02-05,ICU,28,10,3,7,3,28,1.0
2024-02-06,ICU,28,7,5,2,5,28,1.0
2024-02-07,ICU,28,6,6,0,10,24,0.8571
2024-02-08,ICU,28,4,4,0,7,21,0.75
2024-02-09,ICU,28,6,6,0,4,23,0.8214
2024-02-10,ICU,28,8,7,1,2,28,1.0
2024-02-11,ICU,28,9,7,2,7,28,1.0
2024-02-12,ICU,28,4,4,0,7,25,0.8929
2024-02-13,ICU,28,6,6,0,6,25,0.8929
2024-02-14,ICU,28,7,7,0,4,28,1.0
2024-02-15,ICU,28,5,5,0,7,26,0.9286
2024-02-16,ICU,28,10,10,0,9,27,0.9643
2024-02-17,ICU,28,8,8,0,8,27,0.9643
2024-02-18,ICU,28,4,4,0,3,28,1.0
2024-02-19,ICU,28,6,5,1,5,28,1.0
2024-02-20,ICU,28,4,4,0,10,22,0.7857
2024-02-21,ICU,28,7,7,0,4,25,0.8929
2024-02-22,ICU,28,3,3,0,10,18,0.6429
2024-02-23,ICU,28,6,6,0,6,18,0.6429
2024-02-24,ICU,28,4,4,0,2,20,0.7143
2024-02-25,ICU,28,3,3,0,7,16,0.5714
2024-02-26,ICU,28,5,5,0,0,21,0.75
2024-02-27,ICU,28,3,3,0,4,20,0.7143
2024-02-28,ICU,28,6,6,0,7,19,0.6786
2024-02-29,ICU,28,7,7,0,0,26,0.9286
2024-03-01,ICU,28,3,3,0,9,20,0.7143
2024-03-02,ICU,28,6,6,0,4,22,0.7857
2024-03-03,ICU,28,6,6,0,8,20,0.7143
2024-03-04,ICU,28,6,6,0,5,21,0.75
2024-03-05,ICU,28,7,7,0,5,23,0.8214
2024-03-06,ICU,28,9,7,2,2,28,1.0
2024-03-07,ICU,28,2,2,0,9,21,0.75
2024-03-08,ICU,28,9,9,0,8,22,0.7857
2024-03-09,ICU,28,5,5,0,3,24,0.8571
2024-03-10,ICU,28,5,5,0,4,25,0.8929
2024-03-11,ICU,28,7,7,0,6,26,0.9286
2024-03-12,ICU,28,5,5,0,6,25,0.8929
2024-03-13,ICU,28,1,1,0,3,23,0.8214
2024-03-14,ICU,28,5,5,0,3,25,0.8929
2024-03-15,ICU,28,5,5,0,8,22,0.7857
2024-03-16,ICU,28,5,5,0,3,24,0.8571
2024-03-17,ICU,28,2,2,0,7,19,0.6786
2024-03-18,ICU,28,3,3,0,7,15,0.5357
2024-03-19,ICU,28,5,5,0,3,17,0.6071
2024-03-20,ICU,28,5,5,0,8,14,0.5
2024-03-21,ICU,28,9,9,0,4,19,0.6786
2024-03-22,ICU,28,10,10,0,5,24,0.8571
2024-03-23,ICU,28,7,7,0,6,25,0.8929
2024-03-24,ICU,28,4,4,0,4,25,0.8929
2024-03-25,ICU,28,5,5,0,4,26,0.9286
2024-03-26,ICU,28,4,4,0,5,25,0.8929
2024-03-27,ICU,28,8,8,0,7,26,0.9286
2024-03-28,ICU,28,2,2,0,2,26,0.9286
2024-03-29,ICU,28,7,5,2,3,28,1.0
2024-03-30,ICU,28,3,3,0,10,21,0.75
2024-03-31,ICU,28,3,3,0,11,13,0.4643
2024-04-01,ICU,28,6,6,0,2,17,0.6071
2024-04-02,ICU,28,7,7,0,4,20,0.7143
2024-04-03,ICU,28,7,7,0,3,24,0.8571
2024-04-04,ICU,28,6,6,0,8,22,0.7857
2024-04-05,ICU,28,5,5,0,5,22,0.7857
2024-04-06,ICU,28,7,7,0,3,26,0.9286
2024-04-07,ICU,28,5,5,0,6,25,0.8929
2024-04-08,ICU,28,4,4,0,8,21,0.75
2024-04-09,ICU,28,6,6,0,6,21,0.75
2024-04-10,ICU,28,8,8,0,2,27,0.9643
2024-04-11,ICU,28,5,5,0,6,26,0.9286
2024-04-12,ICU,28,11,8,3,6,28,1.0
2024-04-13,ICU,28,4,3,1,3,28,1.0
2024-04-14,ICU,28,4,4,0,8,24,0.8571
2024-04-15,ICU,28,5,5,0,7,22,0.7857
2024-04-16,ICU,28,5,5,0,0,27,0.9643
2024-04-17,ICU,28,7,7,0,7,27,0.9643
2024-04-18,ICU,28,7,7,0,7,27,0.9643
2024-04-19,ICU,28,6,6,0,8,25,0.8929
2024-04-20,ICU,28,2,2,0,4,23,0.8214
2024-04-21,ICU,28,1,1,0,6,18,0.6429
2024-04-22,ICU,28,4,4,0,4,18,0.6429
2024-04-23,ICU,28,7,7,0,4,21,0.75
2024-04-24,ICU,28,6,6,0,5,22,0.7857
2024-04-25,ICU,28,6,6,0,3,25,0.8929
2024-04-26,ICU,28,3,3,0,4,24,0.8571
2024-04-27,ICU,28,9,9,0,7,26,0.9286
2024-04-28,ICU,28,9,9,0,7,28,1.0
2024-04-29,ICU,28,4,4,0,4,28,1.0
2024-04-30,ICU,28,11,5,6,5,28,1.0
2024-05-01,ICU,28,4,4,0,5,27,0.9643
2024-05-02,ICU,28,6,4,2,3,28,1.0
2024-05-03,ICU,28,11,7,4,7,28,1.0
2024-05-04,ICU,28,10,5,5,5,28,1.0
2024-05-05,ICU,28,5,5,0,8,25,0.8929
2024-05-06,ICU,28,5,5,0,7,23,0.8214
2024-05-07,ICU,28,11,10,1,5,28,1.0
2024-05-08,ICU,28,7,4,3,4,28,1.0
2024-05-09,ICU,28,6,6,0,8,26,0.9286
2024-05-10,ICU,28,5,5,0,6,25,0.8929
2024-05-11,ICU,28,3,3,0,3,25,0.8929
2024-05-12,ICU,28,4,4,0,4,25,0.8929
2024-05-13,ICU,28,6,6,0,9,22,0.7857
2024-05-14,ICU,28,4,4,0,5,21,0.75
2024-05-15,ICU,28,5,5,0,5,21,0.75
2024-05-16,ICU,28,2,2,0,5,18,0.6429
2024-05-17,ICU,28,6,6,0,4,20,0.7143
2024-05-18,ICU,28,11,10,1,2,28,1.0
2024-05-19,ICU,28,5,5,0,7,26,0.9286
2024-05-20,ICU,28,8,8,0,7,27,0.9643
2024-05-21,ICU,28,3,3,0,4,26,0.9286
2024-05-22,ICU,28,3,3,0,9,20,0.7143
2024-05-23,ICU,28,2,2,0,7,15,0.5357
2024-05-24,ICU,28,2,2,0,6,11,0.3929
2024-05-25,ICU,28,8,8,0,2,17,0.6071
2024-05-26,ICU,28,6,6,0,4,19,0.6786
2024-05-27,ICU,28,7,7,0,8,18,0.6429
2024-05-28,ICU,28,6,6,0,2,22,0.7857
2024-05-29,ICU,28,7,7,0,2,27,0.9643
2024-05-30,ICU,28,4,4,0,4,27,0.9643
2024-05-31,ICU,28,5,5,0,8,24,0.8571
2024-06-01,ICU,28,5,5,0,2,27,0.9643
2024-06-02,ICU,28,3,3,0,8,22,0.7857
2024-06-03,ICU,28,9,9,0,8,23,0.8214
2024-06-04,ICU,28,4,4,0,5,22,0.7857
2024-06-05,ICU,28,6,6,0,4,24,0.8571
2024-06-06,ICU,28,3,3,0,5,22,0.7857
2024-06-07,ICU,28,3,3,0,6,19,0.6786
2024-06-08,ICU,28,3,3,0,5,17,0.6071
2024-06-09,ICU,28,2,2,0,2,17,0.6071
2024-06-10,ICU,28,5,5,0,1,21,0.75
2024-06-11,ICU,28,9,9,0,4,26,0.9286
2024-06-12,ICU,28,8,6,2,4,28,1.0
2024-06-13,ICU,28,6,5,1,5,28,1.0
2024-06-14,ICU,28,7,7,0,8,27,0.9643
2024-06-15,ICU,28,3,3,0,8,22,0.7857
2024-06-16,ICU,28,3,3,0,6,19,0.6786
2024-06-17,ICU,28,4,4,0,1,22,0.7857
2024-06-18,ICU,28,4,4,0,4,22,0.7857
2024-06-19,ICU,28,8,8,0,2,28,1.0
2024-06-20,ICU,28,2,2,0,2,28,1.0
2024-06-21,ICU,28,6,6,0,13,21,0.75
2024-06-22,ICU,28,4,4,0,9,16,0.5714
2024-06-23,ICU,28,3,3,0,2,17,0.6071
2024-06-24,ICU,28,6,6,0,2,21,0.75
2024-06-25,ICU,28,4,4,0,4,21,0.75
2024-06-26,ICU,28,4,4,0,3,22,0.7857
2024-06-27,ICU,28,8,8,0,7,23,0.8214
2024-06-28,ICU,28,4,4,0,5,22,0.7857
2024-06-29,ICU,28,3,3,0,5,20,0.7143
2024-06-30,ICU,28,4,4,0,5,19,0.6786
2024-07-01,ICU,28,5,5,0,5,19,0.6786
2024-07-02,ICU,28,6,6,0,8,17,0.6071
2024-07-03,ICU,28,2,2,0,2,17,0.6071
2024-07-04,ICU,28,7,7,0,4,20,0.7143
2024-07-05,ICU,28,1,1,0,5,16,0.5714
2024-07-06,ICU,28,5,5,0,5,16,0.5714
2024-07-07,ICU,28,5,5,0,3,18,0.6429
2024-07-08,ICU,28,2,2,0,1,19,0.6786
2024-07-09,ICU,28,5,5,0,4,20,0.7143
2024-07-10,ICU,28,1,1,0,6,15,0.5357
2024-07-11,ICU,28,7,7,0,1,21,0.75
2024-07-12,ICU,28,6,6,0,3,24,0.8571
2024-07-13,ICU,28,3,3,0,10,17,0.6071
2024-07-14,ICU,28,8,8,0,3,22,0.7857
2024-07-15,ICU,28,7,7,0,4,25,0.8929
2024-07-16,ICU,28,3,3,0,5,23,0.8214
2024-07-17,ICU,28,8,8,0,3,28,1.0
2024-07-18,ICU,28,8,5,3,5,28,1.0
2024-07-19,ICU,28,8,4,4,4,28,1.0
2024-07-20,ICU,28,8,6,2,6,28,1.0
2024-07-21,ICU,28,5,4,1,4,28,1.0
2024-07-22,ICU,28,2,2,0,6,24,0.8571
2024-07-23,ICU,28,7,7,0,4,27,0.9643
2024-07-24,ICU,28,9,9,0,9,27,0.9643
2024-07-25,ICU,28,4,4,0,7,24,0.8571
2024-07-26,ICU,28,7,7,0,6,25,0.8929
2024-07-27,ICU,28,5,5,0,8,22,0.7857
2024-07-28,ICU,28,6,6,0,1,27,0.9643
2024-07-29,ICU,28,5,5,0,7,25,0.8929
2024-07-30,ICU,28,4,4,0,5,24,0.8571
2024-07-31,ICU,28,3,3,0,2,25,0.8929
2024-08-01,ICU,28,4,4,0,9,20,0.7143
2024-08-02,ICU,28,5,5,0,3,22,0.7857
2024-08-03,ICU,28,8,8,0,6,24,0.8571
2024-08-04,ICU,28,4,4,0,7,21,0.75
2024-08-05,ICU,28,2,2,0,6,17,0.6071
2024-08-06,ICU,28,4,4,0,3,18,0.6429
2024-08-07,ICU,28,7,7,0,3,22,0.7857
2024-08-08,ICU,28,5,5,0,6,21,0.75
2024-08-09,ICU,28,7,7,0,3,25,0.8929
2024-08-10,ICU,28,3,3,0,5,23,0.8214
2024-08-11,ICU,28,6,6,0,7,22,0.7857
2024-08-12,ICU,28,2,2,0,4,20,0.7143
2024-08-13,ICU,28,7,7,0,3,24,0.8571
2024-08-14,ICU,28,4,4,0,6,22,0.7857
2024-08-15,ICU,28,4,4,0,4,22,0.7857
2024-08-16,ICU,28,6,6,0,3,25,0.8929
2024-08-17,ICU,28,5,5,0,4,26,0.9286
2024-08-18,ICU,28,3,3,0,8,21,0.75
2024-08-19,ICU,28,7,7,0,5,23,0.8214
2024-08-20,ICU,28,6,6,0,4,25,0.8929
2024-08-21,ICU,28,4,4,0,6,23,0.8214
2024-08-22,ICU,28,2,2,0,7,18,0.6429
2024-08-23,ICU,28,3,3,0,7,14,0.5
2024-08-24,ICU,28,10,10,0,3,21,0.75
2024-08-25,ICU,28,4,4,0,2,23,0.8214
2024-08-26,ICU,28,2,2,0,5,20,0.7143
2024-08-27,ICU,28,5,5,0,6,19,0.6786
2024-08-28,ICU,28,1,1,0,2,18,0.6429
2024-08-29,ICU,28,4,4,0,7,15,0.5357
2024-08-30,ICU,28,5,5,0,4,16,0.5714
2024-08-31,ICU,28,5,5,0,5,16,0.5714
2024-09-01,ICU,28,6,6,0,3,19,0.6786
2024-09-02,ICU,28,3,3,0,2,20,0.7143
2024-09-03,ICU,28,4,4,0,6,18,0.6429
2024-09-04,ICU,28,6,6,0,4,20,0.7143
2024-09-05,ICU,28,1,1,0,4,17,0.6071
2024-09-06,ICU,28,7,7,0,6,18,0.6429
2024-09-07,ICU,28,5,5,0,5,18,0.6429
2024-09-08,ICU,28,7,7,0,2,23,0.8214
2024-09-09,ICU,28,5,5,0,3,25,0.8929
2024-09-10,ICU,28,7,7,0,5,27,0.9643
2024-09-11,ICU,28,3,3,0,4,26,0.9286
2024-09-12,ICU,28,3,3,0,6,23,0.8214
2024-09-13,ICU,28,8,7,1,2,28,1.0
2024-09-14,ICU,28,7,4,3,4,28,1.0
2024-09-15,ICU,28,4,4,0,5,27,0.9643
2024-09-16,ICU,28,8,8,0,8,27,0.9643
2024-09-17,ICU,28,8,5,3,4,28,1.0
2024-09-18,ICU,28,16,6,10,6,28,1.0
2024-09-19,ICU,28,6,5,1,5,28,1.0
2024-09-20,ICU,28,4,4,0,6,26,0.9286
2024-09-21,ICU,28,2,2,0,7,21,0.75
2024-09-22,ICU,28,3,3,0,1,23,0.8214
2024-09-23,ICU,28,6,6,0,5,24,0.8571
2024-09-24,ICU,28,5,5,0,8,21,0.75
2024-09-25,ICU,28,5,5,0,4,22,0.7857
2024-09-26,ICU,28,6,6,0,7,21,0.75
2024-09-27,ICU,28,7,7,0,1,27,0.9643
2024-09-28,ICU,28,9,9,0,10,26,0.9286
2024-09-29,ICU,28,3,3,0,8,21,0.75
2024-09-30,ICU,28,9,9,0,5,25,0.8929
2024-10-01,ICU,28,8,8,0,6,27,0.9643
2024-10-02,ICU,28,8,4,4,3,28,1.0
2024-10-03,ICU,28,3,1,2,1,28,1.0
2024-10-04,ICU,28,1,1,0,3,26,0.9286
2024-10-05,ICU,28,6,6,0,7,25,0.8929
2024-10-06,ICU,28,6,6,0,9,22,0.7857
2024-10-07,ICU,28,7,7,0,4,25,0.8929
2024-10-08,ICU,28,2,2,0,4,23,0.8214
2024-10-09,ICU,28,5,5,0,7,21,0.75
2024-10-10,ICU,28,4,4,0,4,21,0.75
2024-10-11,ICU,28,3,3,0,5,19,0.6786
2024-10-12,ICU,28,5,5,0,9,15,0.5357
2024-10-13,ICU,28,8,8,0,3,20,0.7143
2024-10-14,ICU,28,6,6,0,2,24,0.8571
2024-10-15,ICU,28,4,4,0,7,21,0.75
2024-10-16,ICU,28,8,8,0,6,23,0.8214
2024-10-17,ICU,28,7,6,1,1,28,1.0
2024-10-18,ICU,28,6,5,1,5,28,1.0
2024-10-19,ICU,28,7,7,0,9,26,0.9286
2024-10-20,ICU,28,3,3,0,5,24,0.8571
2024-10-21,ICU,28,6,6,0,3,27,0.9643
2024-10-22,ICU,28,4,4,0,8,23,0.8214
2024-10-23,ICU,28,10,8,2,3,28,1.0
2024-10-24,ICU,28,6,6,0,6,28,1.0
2024-10-25,ICU,28,9,4,5,4,28,1.0
2024-10-26,ICU,28,5,5,0,8,25,0.8929
2024-10-27,ICU,28,7,7,0,8,24,0.8571
2024-10-28,ICU,28,5,5,0,6,23,0.8214
2024-10-29,ICU,28,4,4,0,4,23,0.8214
2024-10-30,ICU,28,3,3,0,3,23,0.8214
2024-10-31,ICU,28,7,7,0,7,23,0.8214
2024-11-01,ICU,28,9,8,1,3,28,1.0
2024-11-02,ICU,28,6,4,2,4,28,1.0
2024-11-03,ICU,28,5,5,0,6,27,0.9643
2024-11-04,ICU,28,7,7,0,7,27,0.9643
2024-11-05,ICU,28,7,7,0,8,26,0.9286
2024-11-06,ICU,28,7,7,0,5,28,1.0
2024-11-07,ICU,28,9,7,2,7,28,1.0
2024-11-08,ICU,28,3,3,0,8,23,0.8214
2024-11-09,ICU,28,10,8,2,3,28,1.0
2024-11-10,ICU,28,3,3,0,6,25,0.8929
2024-11-11,ICU,28,3,3,0,3,25,0.8929
2024-11-12,ICU,28,6,6,0,6,25,0.8929
2024-11-13,ICU,28,5,5,0,5,25,0.8929
2024-11-14,ICU,28,6,6,0,7,24,0.8571
2024-11-15,ICU,28,3,3,0,5,22,0.7857
2024-11-16,ICU,28,4,4,0,6,20,0.7143
2024-11-17,ICU,28,3,3,0,4,19,0.6786
2024-11-18,ICU,28,4,4,0,3,20,0.7143
2024-11-19,ICU,28,4,4,0,4,20,0.7143
2024-11-20,ICU,28,4,4,0,4,20,0.7143
2024-11-21,ICU,28,7,7,0,5,22,0.7857
2024-11-22,ICU,28,10,8,2,2,28,1.0
2024-11-23,ICU,28,6,5,1,5,28,1.0
2024-11-24,ICU,28,6,6,0,10,24,0.8571
2024-11-25,ICU,28,7,7,0,5,26,0.9286
2024-11-26,ICU,28,7,6,1,4,28,1.0
2024-11-27,ICU,28,8,8,0,8,28,1.0
2024-11-28,ICU,28,8,6,2,6,28,1.0
2024-11-29,ICU,28,12,8,4,8,28,1.0
2024-11-30,ICU,28,1,1,0,9,20,0.7143
2024-12-01,ICU,28,3,3,0,2,21,0.75
2024-12-02,ICU,28,6,6,0,6,21,0.75
2024-12-03,ICU,28,11,11,0,5,27,0.9643
2024-12-04,ICU,28,5,5,0,8,24,0.8571
2024-12-05,ICU,28,9,9,0,5,28,1.0
2024-12-06,ICU,28,3,3,0,6,25,0.8929
2024-12-07,ICU,28,3,3,0,3,25,0.8929
2024-12-08,ICU,28,8,8,0,6,27,0.9643
2024-12-09,ICU,28,4,4,0,7,24,0.8571
2024-12-10,ICU,28,8,8,0,6,26,0.9286
2024-12-11,ICU,28,12,7,5,5,28,1.0
2024-12-12,ICU,28,9,5,4,5,28,1.0
2024-12-13,ICU,28,9,5,4,5,28,1.0
2024-12-14,ICU,28,3,3,0,12,19,0.6786
2024-12-15,ICU,28,6,6,0,6,19,0.6786
2024-12-16,ICU,28,9,9,0,4,24,0.8571
2024-12-17,ICU,28,13,7,6,3,28,1.0
2024-12-18,ICU,28,8,8,0,12,24,0.8571
2024-12-19,ICU,28,7,7,0,4,27,0.9643
2024-12-20,ICU,28,6,4,2,3,28,1.0
2024-12-21,ICU,28,8,8,0,9,27,0.9643
2024-12-22,ICU,28,10,10,0,9,28,1.0
2024-12-23,ICU,28,9,5,4,5,28,1.0
2024-12-24,ICU,28,6,6,0,11,23,0.8214
2024-12-25,ICU,28,4,4,0,6,21,0.75
2024-12-26,ICU,28,8,8,0,7,22,0.7857
2024-12-27,ICU,28,8,8,0,3,27,0.9643
2024-12-28,ICU,28,8,8,0,7,28,1.0
2024-12-29,ICU,28,14,8,6,8,28,1.0
2024-12-30,ICU,28,7,6,1,6,28,1.0
2024-12-31,ICU,28,6,5,1,5,28,1.0
2025-01-01,ICU,28,12,4,8,4,28,1.0
2025-01-02,ICU,28,5,5,0,8,25,0.8929
2025-01-03,ICU,28,13,11,2,8,28,1.0
2025-01-04,ICU,28,4,2,2,2,28,1.0
2025-01-05,ICU,28,6,6,0,8,26,0.9286
2025-01-06,ICU,28,5,5,0,9,22,0.7857
2025-01-07,ICU,28,6,6,0,6,22,0.7857
2025-01-08,ICU,28,15,9,6,3,28,1.0
2025-01-09,ICU,28,7,3,4,3,28,1.0
2025-01-10,ICU,28,11,11,0,12,27,0.9643
2025-01-11,ICU,28,6,6,0,7,26,0.9286
2025-01-12,ICU,28,9,6,3,4,28,1.0
2025-01-13,ICU,28,5,5,0,7,26,0.9286
2025-01-14,ICU,28,7,7,0,11,22,0.7857
2025-01-15,ICU,28,4,4,0,5,21,0.75
2025-01-16,ICU,28,4,4,0,5,20,0.7143
2025-01-17,ICU,28,10,10,0,4,26,0.9286
2025-01-18,ICU,28,5,5,0,7,24,0.8571
2025-01-19,ICU,28,3,3,0,8,19,0.6786
2025-01-20,ICU,28,2,2,0,11,10,0.3571
2025-01-21,ICU,28,6,6,0,2,14,0.5
2025-01-22,ICU,28,3,3,0,3,14,0.5
2025-01-23,ICU,28,6,6,0,3,17,0.6071
2025-01-24,ICU,28,8,8,0,4,21,0.75
2025-01-25,ICU,28,2,2,0,6,17,0.6071
2025-01-26,ICU,28,7,7,0,5,19,0.6786
2025-01-27,ICU,28,8,8,0,4,23,0.8214
2025-01-28,ICU,28,4,4,0,3,24,0.8571
2025-01-29,ICU,28,6,6,0,5,25,0.8929
2025-01-30,ICU,28,10,5,5,2,28,1.0
2025-01-31,ICU,28,8,4,4,4,28,1.0
2025-02-01,ICU,28,8,4,4,4,28,1.0
2025-02-02,ICU,28,6,6,0,7,27,0.9643
2025-02-03,ICU,28,3,3,0,7,23,0.8214
2025-02-04,ICU,28,6,6,0,7,22,0.7857
2025-02-05,ICU,28,5,5,0,3,24,0.8571
2025-02-06,ICU,28,7,7,0,10,21,0.75
2025-02-07,ICU,28,3,3,0,8,16,0.5714
2025-02-08,ICU,28,7,7,0,3,20,0.7143
2025-02-09,ICU,28,7,7,0,2,25,0.8929
2025-02-10,ICU,28,5,5,0,6,24,0.8571
2025-02-11,ICU,28,5,5,0,3,26,0.9286
2025-02-12,ICU,28,4,4,0,7,23,0.8214
2025-02-13,ICU,28,9,9,0,5,27,0.9643
2025-02-14,ICU,28,4,4,0,7,24,0.8571
2025-02-15,ICU,28,4,4,0,2,26,0.9286
2025-02-16,ICU,28,8,8,0,8,26,0.9286
2025-02-17,ICU,28,2,2,0,6,22,0.7857
2025-02-18,ICU,28,5,5,0,5,22,0.7857
2025-02-19,ICU,28,10,9,1,3,28,1.0
2025-02-20,ICU,28,3,2,1,2,28,1.0
2025-02-21,ICU,28,5,4,1,4,28,1.0
2025-02-22,ICU,28,7,7,0,9,26,0.9286
2025-02-23,ICU,28,15,10,5,8,28,1.0
2025-02-24,ICU,28,3,3,0,3,28,1.0
2025-02-25,ICU,28,3,3,0,7,24,0.8571
2025-02-26,ICU,28,5,5,0,3,26,0.9286
2025-02-27,ICU,28,6,6,0,10,22,0.7857
2025-02-28,ICU,28,5,5,0,3,24,0.8571
2025-03-01,ICU,28,7,7,0,5,26,0.9286
2025-03-02,ICU,28,8,8,0,7,27,0.9643
2025-03-03,ICU,28,8,8,0,7,28,1.0
2025-03-04,ICU,28,7,5,2,5,28,1.0
2025-03-05,ICU,28,4,4,0,5,27,0.9643
2025-03-06,ICU,28,2,2,0,6,23,0.8214
2025-03-07,ICU,28,3,3,0,7,19,0.6786
2025-03-08,ICU,28,4,4,0,6,17,0.6071
2025-03-09,ICU,28,9,9,0,5,21,0.75
2025-03-10,ICU,28,3,3,0,2,22,0.7857
2025-03-11,ICU,28,9,9,0,5,26,0.9286
2025-03-12,ICU,28,9,7,2,5,28,1.0
2025-03-13,ICU,28,9,7,2,7,28,1.0
2025-03-14,ICU,28,6,6,0,7,27,0.9643
2025-03-15,ICU,28,6,2,4,1,28,1.0
2025-03-16,ICU,28,7,6,1,6,28,1.0
2025-03-17,ICU,28,7,7,0,8,27,0.9643
2025-03-18,ICU,28,11,8,3,7,28,1.0
2025-03-19,ICU,28,7,2,5,2,28,1.0
2025-03-20,ICU,28,6,6,0,8,26,0.9286
2025-03-21,ICU,28,3,3,0,9,20,0.7143
2025-03-22,ICU,28,10,9,1,1,28,1.0
2025-03-23,ICU,28,5,2,3,2,28,1.0
2025-03-24,ICU,28,3,3,0,9,22,0.7857
2025-03-25,ICU,28,7,7,0,4,25,0.8929
2025-03-26,ICU,28,9,8,1,5,28,1.0
2025-03-27,ICU,28,9,5,4,5,28,1.0
2025-03-28,ICU,28,10,5,5,5,28,1.0
2025-03-29,ICU,28,6,6,0,11,23,0.8214
2025-03-30,ICU,28,4,4,0,7,20,0.7143
2025-03-31,ICU,28,10,10,0,4,26,0.9286
2025-04-01,ICU,28,9,8,1,6,28,1.0
2025-04-02,ICU,28,5,5,0,7,26,0.9286
2025-04-03,ICU,28,4,4,0,9,21,0.75
2025-04-04,ICU,28,3,3,0,7,17,0.6071
2025-04-05,ICU,28,6,6,0,2,21,0.75
2025-04-06,ICU,28,8,8,0,6,23,0.8214
2025-04-07,ICU,28,5,5,0,2,26,0.9286
2025-04-08,ICU,28,3,3,0,3,26,0.9286
2025-04-09,ICU,28,7,7,0,7,26,0.9286
2025-04-10,ICU,28,5,5,0,3,28,1.0
2025-04-11,ICU,28,8,6,2,6,28,1.0
2025-04-12,ICU,28,7,7,0,10,25,0.8929
2025-04-13,ICU,28,2,2,0,9,18,0.6429
2025-04-14,ICU,28,8,8,0,2,24,0.8571
2025-04-15,ICU,28,8,6,2,2,28,1.0
2025-04-16,ICU,28,6,5,1,5,28,1.0
2025-04-17,ICU,28,6,6,0,8,26,0.9286
2025-04-18,ICU,28,6,6,0,5,27,0.9643
2025-04-19,ICU,28,7,6,1,5,28,1.0
2025-04-20,ICU,28,8,6,2,6,28,1.0
2025-04-21,ICU,28,7,6,1,6,28,1.0
2025-04-22,ICU,28,4,2,2,2,28,1.0
2025-04-23,ICU,28,6,4,2,4,28,1.0
2025-04-24,ICU,28,8,6,2,6,28,1.0
2025-04-25,ICU,28,6,6,0,7,27,0.9643
2025-04-26,ICU,28,4,4,0,5,26,0.9286
2025-04-27,ICU,28,7,5,2,3,28,1.0
2025-04-28,ICU,28,7,5,2,5,28,1.0
2025-04-29,ICU,28,7,4,3,4,28,1.0
2025-04-30,ICU,28,8,8,0,8,28,1.0
2025-05-01,ICU,28,11,8,3,8,28,1.0
2025-05-02,ICU,28,9,3,6,3,28,1.0
2025-05-03,ICU,28,4,4,0,7,25,0.8929
2025-05-04,ICU,28,1,1,0,3,23,0.8214
2025-05-05,ICU,28,8,8,0,8,23,0.8214
2025-05-06,ICU,28,12,8,4,3,28,1.0
2025-05-07,ICU,28,4,2,2,2,28,1.0
2025-05-08,ICU,28,3,3,0,9,22,0.7857
2025-05-09,ICU,28,5,5,0,7,20,0.7143
2025-05-10,ICU,28,4,4,0,6,18,0.6429
2025-05-11,ICU,28,3,3,0,4,17,0.6071
2025-05-12,ICU,28,3,3,0,4,16,0.5714
2025-05-13,ICU,28,4,4,0,4,16,0.5714
2025-05-14,ICU,28,5,5,0,1,20,0.7143
2025-05-15,ICU,28,3,3,0,6,17,0.6071
2025-05-16,ICU,28,5,5,0,5,17,0.6071
2025-05-17,ICU,28,4,4,0,4,17,0.6071
2025-05-18,ICU,28,4,4,0,2,19,0.6786
2025-05-19,ICU,28,8,8,0,6,21,0.75
2025-05-20,ICU,28,4,4,0,5,20,0.7143
2025-05-21,ICU,28,5,5,0,2,23,0.8214
2025-05-22,ICU,28,6,6,0,8,21,0.75
2025-05-23,ICU,28,5,5,0,3,23,0.8214
2025-05-24,ICU,28,6,6,0,7,22,0.7857
2025-05-25,ICU,28,4,4,0,4,22,0.7857
2025-05-26,ICU,28,7,7,0,4,25,0.8929
2025-05-27,ICU,28,4,4,0,7,22,0.7857
2025-05-28,ICU,28,4,4,0,4,22,0.7857
2025-05-29,ICU,28,9,9,0,6,25,0.8929
2025-05-30,ICU,28,5,5,0,4,26,0.9286
2025-05-31,ICU,28,4,4,0,9,21,0.75
2025-06-01,ICU,28,6,6,0,6,21,0.75
2025-06-02,ICU,28,3,3,0,4,20,0.7143
2025-06-03,ICU,28,6,6,0,2,24,0.8571
2025-06-04,ICU,28,3,3,0,7,20,0.7143
2025-06-05,ICU,28,9,9,0,4,25,0.8929
2025-06-06,ICU,28,3,3,0,6,22,0.7857
2025-06-07,ICU,28,9,9,0,4,27,0.9643
2025-06-08,ICU,28,3,3,0,6,24,0.8571
2025-06-09,ICU,28,9,9,0,6,27,0.9643
2025-06-10,ICU,28,7,5,2,4,28,1.0
2025-06-11,ICU,28,3,3,0,5,26,0.9286
2025-06-12,ICU,28,5,5,0,3,28,1.0
2025-06-13,ICU,28,5,5,0,9,24,0.8571
2025-06-14,ICU,28,6,6,0,8,22,0.7857
2025-06-15,ICU,28,6,6,0,5,23,0.8214
2025-06-16,ICU,28,10,9,1,4,28,1.0
2025-06-17,ICU,28,10,1,9,1,28,1.0
2025-06-18,ICU,28,10,8,2,8,28,1.0
2025-06-19,ICU,28,4,4,0,9,23,0.8214
2025-06-20,ICU,28,9,9,0,7,25,0.8929
2025-06-21,ICU,28,5,5,0,4,26,0.9286
2025-06-22,ICU,28,4,4,0,9,21,0.75
2025-06-23,ICU,28,4,4,0,5,20,0.7143
2025-06-24,ICU,28,5,5,0,9,16,0.5714
2025-06-25,ICU,28,5,5,0,5,16,0.5714
2025-06-26,ICU,28,9,9,0,2,23,0.8214
2025-06-27,ICU,28,4,4,0,5,22,0.7857
2025-06-28,ICU,28,5,5,0,9,18,0.6429
2025-06-29,ICU,28,5,5,0,4,19,0.6786
2025-06-30,ICU,28,6,6,0,6,19,0.6786
2025-07-01,ICU,28,2,2,0,7,14,0.5
2025-07-02,ICU,28,2,2,0,1,15,0.5357
2025-07-03,ICU,28,8,8,0,5,18,0.6429
2025-07-04,ICU,28,3,3,0,4,17,0.6071
2025-07-05,ICU,28,3,3,0,5,15,0.5357
2025-07-06,ICU,28,4,4,0,2,17,0.6071
2025-07-07,ICU,28,12,12,0,5,24,0.8571
2025-07-08,ICU,28,9,9,0,5,28,1.0
2025-07-09,ICU,28,6,4,2,4,28,1.0
2025-07-10,ICU,28,4,2,2,2,28,1.0
2025-07-11,ICU,28,5,5,0,8,25,0.8929
2025-07-12,ICU,28,5,5,0,5,25,0.8929
2025-07-13,ICU,28,5,5,0,7,23,0.8214
2025-07-14,ICU,28,6,6,0,6,23,0.8214
2025-07-15,ICU,28,1,1,0,3,21,0.75
2025-07-16,ICU,28,3,3,0,6,18,0.6429
2025-07-17,ICU,28,5,5,0,5,18,0.6429
2025-07-18,ICU,28,3,3,0,5,16,0.5714
2025-07-19,ICU,28,4,4,0,2,18,0.6429
2025-07-20,ICU,28,5,5,0,5,18,0.6429
2025-07-21,ICU,28,5,5,0,4,19,0.6786
2025-07-22,ICU,28,2,2,0,4,17,0.6071
2025-07-23,ICU,28,6,6,0,4,19,0.6786
2025-07-24,ICU,28,8,8,0,4,23,0.8214
2025-07-25,ICU,28,6,6,0,3,26,0.9286
2025-07-26,ICU,28,4,4,0,7,23,0.8214
2025-07-27,ICU,28,2,2,0,5,20,0.7143
2025-07-28,ICU,28,4,4,0,5,19,0.6786
2025-07-29,ICU,28,8,8,0,5,22,0.7857
2025-07-30,ICU,28,7,7,0,5,24,0.8571
2025-07-31,ICU,28,3,3,0,5,22,0.7857
2025-08-01,ICU,28,6,6,0,4,24,0.8571
2025-08-02,ICU,28,2,2,0,5,21,0.75
2025-08-03,ICU,28,5,5,0,6,20,0.7143
2025-08-04,ICU,28,5,5,0,5,20,0.7143
2025-08-05,ICU,28,3,3,0,6,17,0.6071
2025-08-06,ICU,28,8,8,0,5,20,0.7143
2025-08-07,ICU,28,2,2,0,5,17,0.6071
2025-08-08,ICU,28,7,7,0,4,20,0.7143
2025-08-09,ICU,28,9,9,0,6,23,0.8214
2025-08-10,ICU,28,15,8,7,3,28,1.0
2025-08-11,ICU,28,7,5,2,5,28,1.0
2025-08-12,ICU,28,6,6,0,7,27,0.9643
2025-08-13,ICU,28,5,5,0,6,26,0.9286
2025-08-14,ICU,28,6,6,0,4,28,1.0
2025-08-15,ICU,28,6,6,0,7,27,0.9643
2025-08-16,ICU,28,7,6,1,5,28,1.0
2025-08-17,ICU,28,3,3,0,6,25,0.8929
2025-08-18,ICU,28,7,7,0,7,25,0.8929
2025-08-19,ICU,28,5,5,0,5,25,0.8929
2025-08-20,ICU,28,3,3,0,6,22,0.7857
2025-08-21,ICU,28,2,2,0,7,17,0.6071
2025-08-22,ICU,28,7,7,0,6,18,0.6429
2025-08-23,ICU,28,3,3,0,4,17,0.6071
2025-08-24,ICU,28,5,5,0,4,18,0.6429
2025-08-25,ICU,28,6,6,0,7,17,0.6071
2025-08-26,ICU,28,3,3,0,2,18,0.6429
2025-08-27,ICU,28,8,8,0,4,22,0.7857
2025-08-28,ICU,28,7,7,0,6,23,0.8214
2025-08-29,ICU,28,5,5,0,3,25,0.8929
2025-08-30,ICU,28,7,7,0,4,28,1.0
2025-08-31,ICU,28,11,8,3,8,28,1.0
2025-09-01,ICU,28,3,3,0,6,25,0.8929
2025-09-02,ICU,28,4,4,0,5,24,0.8571
2025-09-03,ICU,28,4,4,0,7,21,0.75
2025-09-04,ICU,28,3,3,0,9,15,0.5357
2025-09-05,ICU,28,7,7,0,2,20,0.7143
2025-09-06,ICU,28,4,4,0,3,21,0.75
2025-09-07,ICU,28,6,6,0,3,24,0.8571
2025-09-08,ICU,28,6,6,0,4,26,0.9286
2025-09-09,ICU,28,3,3,0,5,24,0.8571
2025-09-10,ICU,28,5,5,0,4,25,0.8929
2025-09-11,ICU,28,5,5,0,4,26,0.9286
2025-09-12,ICU,28,8,7,1,5,28,1.0
2025-09-13,ICU,28,5,3,2,3,28,1.0
2025-09-14,ICU,28,4,4,0,5,27,0.9643
2025-09-15,ICU,28,0,0,0,4,23,0.8214
2025-09-16,ICU,28,13,7,6,2,28,1.0
2025-09-17,ICU,28,5,4,1,4,28,1.0
2025-09-18,ICU,28,6,6,0,9,25,0.8929
2025-09-19,ICU,28,2,2,0,3,24,0.8571
2025-09-20,ICU,28,4,4,0,8,20,0.7143
2025-09-21,ICU,28,4,4,0,6,18,0.6429
2025-09-22,ICU,28,3,3,0,4,17,0.6071
2025-09-23,ICU,28,5,5,0,1,21,0.75
2025-09-24,ICU,28,5,5,0,4,22,0.7857
2025-09-25,ICU,28,5,5,0,4,23,0.8214
2025-09-26,ICU,28,1,1,0,8,16,0.5714
2025-09-27,ICU,28,5,5,0,1,20,0.7143
2025-09-28,ICU,28,5,5,0,6,19,0.6786
2025-09-29,ICU,28,2,2,0,3,18,0.6429
2025-09-30,ICU,28,4,4,0,5,17,0.6071
2025-10-01,ICU,28,9,9,0,5,21,0.75
2025-10-02,ICU,28,2,2,0,5,18,0.6429
2025-10-03,ICU,28,6,6,0,4,20,0.7143
2025-10-04,ICU,28,5,5,0,5,20,0.7143
2025-10-05,ICU,28,3,3,0,5,18,0.6429
2025-10-06,ICU,28,4,4,0,3,19,0.6786
2025-10-07,ICU,28,1,1,0,7,13,0.4643
2025-10-08,ICU,28,8,8,0,4,17,0.6071
2025-10-09,ICU,28,8,8,0,5,20,0.7143
2025-10-10,ICU,28,3,3,0,4,19,0.6786
2025-10-11,ICU,28,6,6,0,6,19,0.6786
2025-10-12,ICU,28,9,9,0,4,24,0.8571
2025-10-13,ICU,28,4,4,0,7,21,0.75
2025-10-14,ICU,28,12,12,0,7,26,0.9286
2025-10-15,ICU,28,7,7,0,7,26,0.9286
2025-10-16,ICU,28,9,9,0,9,26,0.9286
2025-10-17,ICU,28,4,4,0,4,26,0.9286
2025-10-18,ICU,28,7,7,0,7,26,0.9286
2025-10-19,ICU,28,5,5,0,5,26,0.9286
2025-10-20,ICU,28,4,4,0,7,23,0.8214
2025-10-21,ICU,28,8,8,0,4,27,0.9643
2025-10-22,ICU,28,8,8,0,9,26,0.9286
2025-10-23,ICU,28,7,7,0,7,26,0.9286
2025-10-24,ICU,28,5,5,0,8,23,0.8214
2025-10-25,ICU,28,10,10,0,5,28,1.0
2025-10-26,ICU,28,3,3,0,8,23,0.8214
2025-10-27,ICU,28,5,5,0,6,22,0.7857
2025-10-28,ICU,28,6,6,0,5,23,0.8214
2025-10-29,ICU,28,7,7,0,6,24,0.8571
2025-10-30,ICU,28,6,6,0,5,25,0.8929
2025-10-31,ICU,28,8,8,0,7,26,0.9286
2025-11-01,ICU,28,8,6,2,4,28,1.0
2025-11-02,ICU,28,5,5,0,6,27,0.9643
2025-11-03,ICU,28,10,7,3,6,28,1.0
2025-11-04,ICU,28,5,5,0,12,21,0.75
2025-11-05,ICU,28,5,5,0,1,25,0.8929
2025-11-06,ICU,28,5,5,0,5,25,0.8929
2025-11-07,ICU,28,9,9,0,11,23,0.8214
2025-11-08,ICU,28,1,1,0,6,18,0.6429
2025-11-09,ICU,28,6,6,0,6,18,0.6429
2025-11-10,ICU,28,8,8,0,3,23,0.8214
2025-11-11,ICU,28,5,5,0,3,25,0.8929
2025-11-12,ICU,28,5,5,0,4,26,0.9286
2025-11-13,ICU,28,11,11,0,9,28,1.0
2025-11-14,ICU,28,6,6,0,7,27,0.9643
2025-11-15,ICU,28,4,4,0,7,24,0.8571
2025-11-16,ICU,28,7,7,0,6,25,0.8929
2025-11-17,ICU,28,9,8,1,5,28,1.0
2025-11-18,ICU,28,7,7,0,8,27,0.9643
2025-11-19,ICU,28,8,3,5,2,28,1.0
2025-11-20,ICU,28,4,4,0,4,28,1.0
2025-11-21,ICU,28,7,4,3,4,28,1.0
2025-11-22,ICU,28,4,4,0,7,25,0.8929
2025-11-23,ICU,28,8,8,0,5,28,1.0
2025-11-24,ICU,28,4,4,0,6,26,0.9286
2025-11-25,ICU,28,7,7,0,8,25,0.8929
2025-11-26,ICU,28,3,3,0,7,21,0.75
2025-11-27,ICU,28,11,11,0,4,28,1.0
2025-11-28,ICU,28,7,2,5,2,28,1.0
2025-11-29,ICU,28,6,6,0,6,28,1.0
2025-11-30,ICU,28,9,5,4,5,28,1.0
2025-12-01,ICU,28,6,2,4,2,28,1.0
2025-12-02,ICU,28,3,3,0,8,23,0.8214
2025-12-03,ICU,28,8,8,0,4,27,0.9643
2025-12-04,ICU,28,5,5,0,7,25,0.8929
2025-12-05,ICU,28,5,5,0,6,24,0.8571
2025-12-06,ICU,28,6,6,0,4,26,0.9286
2025-12-07,ICU,28,3,3,0,2,27,0.9643
2025-12-08,ICU,28,8,8,0,8,27,0.9643
2025-12-09,ICU,28,7,6,1,5,28,1.0
2025-12-10,ICU,28,7,7,0,8,27,0.9643
2025-12-11,ICU,28,3,3,0,9,21,0.75
2025-12-12,ICU,28,10,10,0,4,27,0.9643
2025-12-13,ICU,28,8,2,6,1,28,1.0
2025-12-14,ICU,28,4,3,1,3,28,1.0
2025-12-15,ICU,28,10,7,3,7,28,1.0
2025-12-16,ICU,28,8,3,5,3,28,1.0
2025-12-17,ICU,28,13,3,10,3,28,1.0
2025-12-18,ICU,28,10,8,2,8,28,1.0
2025-12-19,ICU,28,6,5,1,5,28,1.0
2025-12-20,ICU,28,4,3,1,3,28,1.0
2025-12-21,ICU,28,4,4,0,7,25,0.8929
2025-12-22,ICU,28,5,5,0,4,26,0.9286
2025-12-23,ICU,28,4,4,0,7,23,0.8214
2025-12-24,ICU,28,13,9,4,4,28,1.0
2025-12-25,ICU,28,10,6,4,6,28,1.0
2025-12-26,ICU,28,4,4,0,5,27,0.9643
2025-12-27,ICU,28,3,3,0,8,22,0.7857
2025-12-28,ICU,28,2,2,0,7,17,0.6071
2025-12-29,ICU,28,7,7,0,4,20,0.7143
2025-12-30,ICU,28,13,13,0,6,27,0.9643
2025-12-31,ICU,28,5,5,0,7,25,0.8929
2026-01-01,ICU,28,11,5,6,2,28,1.0
2026-01-02,ICU,28,6,6,0,6,28,1.0
2026-01-03,ICU,28,11,7,4,7,28,1.0
2026-01-04,ICU,28,7,7,0,7,28,1.0
2026-01-05,ICU,28,7,5,2,5,28,1.0
2026-01-06,ICU,28,4,4,0,5,27,0.9643
2026-01-07,ICU,28,3,3,0,9,21,0.75
2026-01-08,ICU,28,9,9,0,2,28,1.0
2026-01-09,ICU,28,4,4,0,9,23,0.8214
2026-01-10,ICU,28,2,2,0,3,22,0.7857
2026-01-11,ICU,28,5,5,0,3,24,0.8571
2026-01-12,ICU,28,8,8,0,6,26,0.9286
2026-01-13,ICU,28,6,5,1,3,28,1.0
2026-01-14,ICU,28,1,1,0,2,27,0.9643
2026-01-15,ICU,28,6,6,0,6,27,0.9643
2026-01-16,ICU,28,12,11,1,10,28,1.0
2026-01-17,ICU,28,5,5,0,5,28,1.0
2026-01-18,ICU,28,4,4,0,6,26,0.9286
2026-01-19,ICU,28,6,6,0,6,26,0.9286
2026-01-20,ICU,28,8,8,0,9,25,0.8929
2026-01-21,ICU,28,5,5,0,6,24,0.8571
2026-01-22,ICU,28,7,7,0,6,25,0.8929
2026-01-23,ICU,28,6,6,0,8,23,0.8214
2026-01-24,ICU,28,6,6,0,3,26,0.9286
2026-01-25,ICU,28,2,2,0,5,23,0.8214
2026-01-26,ICU,28,5,5,0,6,22,0.7857
2026-01-27,ICU,28,5,5,0,5,22,0.7857
2026-01-28,ICU,28,7,7,0,3,26,0.9286
2026-01-29,ICU,28,4,4,0,7,23,0.8214
2026-01-30,ICU,28,8,7,1,2,28,1.0
2026-01-31,ICU,28,8,4,4,4,28,1.0
2026-02-01,ICU,28,5,5,0,10,23,0.8214
2026-02-02,ICU,28,5,5,0,6,22,0.7857
2026-02-03,ICU,28,11,11,0,5,28,1.0
2026-02-04,ICU,28,3,3,0,6,25,0.8929
2026-02-05,ICU,28,5,5,0,4,26,0.9286
2026-02-06,ICU,28,4,4,0,4,26,0.9286
2026-02-07,ICU,28,8,8,0,9,25,0.8929
2026-02-08,ICU,28,5,5,0,9,21,0.75
2026-02-09,ICU,28,9,9,0,8,22,0.7857
2026-02-10,ICU,28,9,9,0,7,24,0.8571
2026-02-11,ICU,28,7,7,0,7,24,0.8571
2026-02-12,ICU,28,14,9,5,5,28,1.0
2026-02-13,ICU,28,3,3,0,6,25,0.8929
2026-02-14,ICU,28,8,8,0,6,27,0.9643
2026-02-15,ICU,28,4,4,0,8,23,0.8214
2026-02-16,ICU,28,6,6,0,6,23,0.8214
2026-02-17,ICU,28,10,9,1,4,28,1.0
2026-02-18,ICU,28,5,5,0,6,27,0.9643
2026-02-19,ICU,28,3,3,0,9,21,0.75
2026-02-20,ICU,28,3,3,0,3,21,0.75
2026-02-21,ICU,28,7,7,0,6,22,0.7857
2026-02-22,ICU,28,8,8,0,3,27,0.9643
2026-02-23,ICU,28,8,5,3,4,28,1.0
2026-02-24,ICU,28,10,6,4,6,28,1.0
2026-02-25,ICU,28,4,3,1,3,28,1.0
2026-02-26,ICU,28,6,6,0,7,27,0.9643
2026-02-27,ICU,28,5,5,0,7,25,0.8929
2026-02-28,ICU,28,7,7,0,6,26,0.9286
2026-03-01,ICU,28,6,6,0,4,28,1.0
2026-03-02,ICU,28,5,5,0,6,27,0.9643
2026-03-03,ICU,28,10,4,6,3,28,1.0
2026-03-04,ICU,28,11,7,4,7,28,1.0
2026-03-05,ICU,28,8,3,5,3,28,1.0
2026-03-06,ICU,28,11,9,2,9,28,1.0
2026-03-07,ICU,28,8,5,3,5,28,1.0
2026-03-08,ICU,28,3,3,0,8,23,0.8214
2026-03-09,ICU,28,10,10,0,6,27,0.9643
2026-03-10,ICU,28,9,2,7,1,28,1.0
2026-03-11,ICU,28,10,3,7,3,28,1.0
2026-03-12,ICU,28,8,7,1,7,28,1.0
2026-03-13,ICU,28,7,5,2,5,28,1.0
2026-03-14,ICU,28,6,6,0,7,27,0.9643
2026-03-15,ICU,28,5,3,2,2,28,1.0
2026-03-16,ICU,28,4,4,0,5,27,0.9643
2026-03-17,ICU,28,9,9,0,8,28,1.0
2026-03-18,ICU,28,5,5,0,8,25,0.8929
2026-03-19,ICU,28,5,5,0,5,25,0.8929
2026-03-20,ICU,28,4,4,0,8,21,0.75
2026-03-21,ICU,28,4,4,0,5,20,0.7143
2026-03-22,ICU,28,7,7,0,4,23,0.8214
2026-03-23,ICU,28,8,7,1,2,28,1.0
2026-03-24,ICU,28,5,5,0,5,28,1.0
2026-03-25,ICU,28,6,6,0,6,28,1.0
2026-03-26,ICU,28,4,4,0,6,26,0.9286
2026-03-27,ICU,28,5,5,0,6,25,0.8929
2026-03-28,ICU,28,5,5,0,8,22,0.7857
2026-03-29,ICU,28,5,5,0,4,23,0.8214
2026-03-30,ICU,28,5,5,0,2,26,0.9286
2026-03-31,ICU,28,8,6,2,4,28,1.0
2026-04-01,ICU,28,3,3,0,7,24,0.8571
2026-04-02,ICU,28,3,3,0,1,26,0.9286
2026-04-03,ICU,28,4,4,0,4,26,0.9286
2026-04-04,ICU,28,9,7,2,5,28,1.0
2026-04-05,ICU,28,6,3,3,3,28,1.0
2026-04-06,ICU,28,5,5,0,8,25,0.8929
2026-04-07,ICU,28,9,9,0,10,24,0.8571
2026-04-08,ICU,28,9,9,0,5,28,1.0
2026-04-09,ICU,28,8,5,3,5,28,1.0
2026-04-10,ICU,28,7,4,3,4,28,1.0
2026-04-11,ICU,28,3,3,0,3,28,1.0
2026-04-12,ICU,28,9,5,4,5,28,1.0
2026-04-13,ICU,28,4,4,0,6,26,0.9286
2026-04-14,ICU,28,10,7,3,5,28,1.0
2026-04-15,ICU,28,9,5,4,5,28,1.0
2026-04-16,ICU,28,7,6,1,6,28,1.0
2026-04-17,ICU,28,8,8,0,8,28,1.0
2026-04-18,ICU,28,6,4,2,4,28,1.0
2026-04-19,ICU,28,5,5,0,5,28,1.0
2026-04-20,ICU,28,13,4,9,4,28,1.0
2026-04-21,ICU,28,8,5,3,5,28,1.0
2026-04-22,ICU,28,7,5,2,5,28,1.0
2026-04-23,ICU,28,8,4,4,4,28,1.0
2026-04-24,ICU,28,2,2,0,6,24,0.8571
2026-04-25,ICU,28,3,3,0,0,27,0.9643
2026-04-26,ICU,28,7,6,1,5,28,1.0
2026-04-27,ICU,28,8,4,4,4,28,1.0
2026-04-28,ICU,28,6,6,0,6,28,1.0
2026-04-29,ICU,28,12,6,6,6,28,1.0
2026-04-30,ICU,28,6,6,0,6,28,1.0
2026-05-01,ICU,28,5,5,0,5,28,1.0
2026-05-02,ICU,28,4,4,0,6,26,0.9286
2026-05-03,ICU,28,6,6,0,8,24,0.8571
2026-05-04,ICU,28,11,10,1,6,28,1.0
2026-05-05,ICU,28,5,5,0,6,27,0.9643
2026-05-06,ICU,28,2,2,0,5,24,0.8571
2026-05-07,ICU,28,8,8,0,6,26,0.9286
2026-05-08,ICU,28,1,1,0,2,25,0.8929
2026-05-09,ICU,28,6,6,0,4,27,0.9643
2026-05-10,ICU,28,6,6,0,6,27,0.9643
2026-05-11,ICU,28,10,9,1,8,28,1.0
2026-05-12,ICU,28,7,7,0,8,27,0.9643
2026-05-13,ICU,28,8,6,2,5,28,1.0
2026-05-14,ICU,28,4,4,0,5,27,0.9643
2026-05-15,ICU,28,6,4,2,3,28,1.0
2026-05-16,ICU,28,4,4,0,5,27,0.9643
2026-05-17,ICU,28,11,8,3,7,28,1.0
2026-05-18,ICU,28,3,3,0,11,20,0.7143
2026-05-19,ICU,28,6,6,0,4,22,0.7857
2026-05-20,ICU,28,3,3,0,5,20,0.7143
2026-05-21,ICU,28,4,4,0,3,21,0.75
2026-05-22,ICU,28,6,6,0,4,23,0.8214
2026-05-23,ICU,28,5,5,0,5,23,0.8214
2026-05-24,ICU,28,3,3,0,3,23,0.8214
2026-05-25,ICU,28,3,3,0,6,20,0.7143
2026-05-26,ICU,28,8,8,0,6,22,0.7857
2026-05-27,ICU,28,9,9,0,5,26,0.9286
2026-05-28,ICU,28,8,6,2,4,28,1.0
2026-05-29,ICU,28,1,1,0,7,22,0.7857
2026-05-30,ICU,28,1,1,0,2,21,0.75
2026-05-31,ICU,28,5,5,0,4,22,0.7857
2026-06-01,ICU,28,5,5,0,9,18,0.6429
2026-06-02,ICU,28,8,8,0,1,25,0.8929
2026-06-03,ICU,28,5,5,0,7,23,0.8214
2026-06-04,ICU,28,10,9,1,4,28,1.0
2026-06-05,ICU,28,5,5,0,6,27,0.9643
2026-06-06,ICU,28,5,5,0,8,24,0.8571
2026-06-07,ICU,28,7,7,0,4,27,0.9643
2026-06-08,ICU,28,12,4,8,3,28,1.0
2026-06-09,ICU,28,4,4,0,8,24,0.8571
2026-06-10,ICU,28,7,7,0,6,25,0.8929
2026-06-11,ICU,28,5,5,0,2,28,1.0
2026-06-12,ICU,28,3,3,0,6,25,0.8929
2026-06-13,ICU,28,7,7,0,6,26,0.9286
2026-06-14,ICU,28,6,6,0,11,21,0.75
2026-06-15,ICU,28,5,5,0,4,22,0.7857
2026-06-16,ICU,28,5,5,0,6,21,0.75
2026-06-17,ICU,28,6,6,0,5,22,0.7857
2026-06-18,ICU,28,10,10,0,5,27,0.9643
2026-06-19,ICU,28,5,5,0,4,28,1.0
2026-06-20,ICU,28,2,2,0,3,27,0.9643
2026-06-21,ICU,28,1,1,0,4,24,0.8571
2026-06-22,ICU,28,5,5,0,8,21,0.75
2026-06-23,ICU,28,7,7,0,4,24,0.8571
2026-06-24,ICU,28,4,4,0,6,22,0.7857
2026-06-25,ICU,28,5,5,0,4,23,0.8214
2026-06-26,ICU,28,9,9,0,9,23,0.8214
2026-06-27,ICU,28,4,4,0,5,22,0.7857
2026-06-28,ICU,28,11,10,1,4,28,1.0
2026-06-29,ICU,28,5,5,0,9,24,0.8571
2026-06-30,ICU,28,5,5,0,2,27,0.9643
2026-07-01,ICU,28,6,6,0,7,26,0.9286
2026-07-02,ICU,28,4,4,0,6,24,0.8571
2026-07-03,ICU,28,5,5,0,6,23,0.8214
2026-07-04,ICU,28,3,3,0,5,21,0.75
2026-07-05,ICU,28,3,3,0,4,20,0.7143
2026-07-06,ICU,28,9,9,0,3,26,0.9286
2026-07-07,ICU,28,9,8,1,6,28,1.0
2026-07-08,ICU,28,11,5,6,5,28,1.0
2026-07-09,ICU,28,4,4,0,8,24,0.8571
2026-07-10,ICU,28,6,6,0,5,25,0.8929
2026-07-11,ICU,28,1,1,0,3,23,0.8214
2026-07-12,ICU,28,2,2,0,9,16,0.5714
2026-07-13,ICU,28,6,6,0,4,18,0.6429
2026-07-14,ICU,28,5,5,0,3,20,0.7143
2026-07-15,ICU,28,3,3,0,3,20,0.7143
2026-07-16,ICU,28,3,3,0,5,18,0.6429
2026-07-17,ICU,28,2,2,0,4,16,0.5714
2026-07-18,ICU,28,8,8,0,4,20,0.7143
2026-07-19,ICU,28,6,6,0,3,23,0.8214
2026-07-20,ICU,28,1,1,0,6,18,0.6429
2026-07-21,ICU,28,2,2,0,6,14,0.5
2026-07-22,ICU,28,4,4,0,3,15,0.5357
2026-07-23,ICU,28,5,5,0,5,15,0.5357
2026-07-24,ICU,28,1,1,0,3,13,0.4643
2026-07-25,ICU,28,4,4,0,4,13,0.4643
2026-07-26,ICU,28,4,4,0,2,15,0.5357
2026-07-27,ICU,28,5,5,0,4,16,0.5714
2026-07-28,ICU,28,7,7,0,6,17,0.6071
2026-07-29,ICU,28,2,2,0,3,16,0.5714
2026-07-30,ICU,28,4,4,0,6,14,0.5
2026-07-31,ICU,28,5,5,0,3,16,0.5714
2026-08-01,ICU,28,6,6,0,3,19,0.6786
2026-08-02,ICU,28,4,4,0,4,19,0.6786
2026-08-03,ICU,28,4,4,0,2,21,0.75
2026-08-04,ICU,28,6,6,0,6,21,0.75
2026-08-05,ICU,28,7,7,0,6,22,0.7857
2026-08-06,ICU,28,2,2,0,3,21,0.75
2026-08-07,ICU,28,9,9,0,7,23,0.8214
2026-08-08,ICU,28,8,8,0,6,25,0.8929
2026-08-09,ICU,28,6,6,0,3,28,1.0
2026-08-10,ICU,28,9,9,0,9,28,1.0
2026-08-11,ICU,28,5,5,0,5,28,1.0
2026-08-12,ICU,28,11,6,5,6,28,1.0
2026-08-13,ICU,28,4,4,0,8,24,0.8571
2026-08-14,ICU,28,7,7,0,3,28,1.0
2026-08-15,ICU,28,7,6,1,6,28,1.0
2026-08-16,ICU,28,5,5,0,9,24,0.8571
2026-08-17,ICU,28,8,8,0,5,27,0.9643
2026-08-18,ICU,28,7,6,1,5,28,1.0
2026-08-19,ICU,28,6,5,1,5,28,1.0
2026-08-20,ICU,28,1,1,0,4,25,0.8929
2026-08-21,ICU,28,6,6,0,7,24,0.8571
2026-08-22,ICU,28,6,6,0,7,23,0.8214
2026-08-23,ICU,28,3,3,0,8,18,0.6429
2026-08-24,ICU,28,6,6,0,7,17,0.6071
2026-08-25,ICU,28,10,10,0,4,23,0.8214
2026-08-26,ICU,28,8,8,0,4,27,0.9643
2026-08-27,ICU,28,2,2,0,6,23,0.8214
2026-08-28,ICU,28,1,1,0,9,15,0.5357
2026-08-29,ICU,28,5,5,0,3,17,0.6071
2026-08-30,ICU,28,7,7,0,5,19,0.6786
2026-08-31,ICU,28,3,3,0,4,18,0.6429
2026-09-01,ICU,28,1,1,0,2,17,0.6071
2026-09-02,ICU,28,4,4,0,6,15,0.5357
2026-09-03,ICU,28,4,4,0,3,16,0.5714
2026-09-04,ICU,28,6,6,0,2,20,0.7143
2026-09-05,ICU,28,8,8,0,4,24,0.8571
2026-09-06,ICU,28,10,9,1,5,28,1.0
2026-09-07,ICU,28,4,4,0,8,24,0.8571
2026-09-08,ICU,28,3,3,0,4,23,0.8214
2026-09-09,ICU,28,4,4,0,4,23,0.8214
2026-09-10,ICU,28,4,4,0,5,22,0.7857
2026-09-11,ICU,28,6,6,0,4,24,0.8571
2026-09-12,ICU,28,4,4,0,10,18,0.6429
2026-09-13,ICU,28,5,5,0,4,19,0.6786
2026-09-14,ICU,28,2,2,0,3,18,0.6429
2026-09-15,ICU,28,3,3,0,5,16,0.5714
2026-09-16,ICU,28,6,6,0,4,18,0.6429
2026-09-17,ICU,28,4,4,0,6,16,0.5714
2026-09-18,ICU,28,6,6,0,5,17,0.6071
2026-09-19,ICU,28,5,5,0,4,18,0.6429
2026-09-20,ICU,28,3,3,0,3,18,0.6429
2026-09-21,ICU,28,4,4,0,2,20,0.7143
2026-09-22,ICU,28,6,6,0,4,22,0.7857
2026-09-23,ICU,28,6,6,0,6,22,0.7857
2026-09-24,ICU,28,9,9,0,6,25,0.8929
2026-09-25,ICU,28,4,4,0,8,21,0.75
2026-09-26,ICU,28,1,1,0,4,18,0.6429
2026-09-27,ICU,28,4,4,0,6,16,0.5714
2026-09-28,ICU,28,3,3,0,2,17,0.6071
2026-09-29,ICU,28,4,4,0,4,17,0.6071
2026-09-30,ICU,28,10,10,0,4,23,0.8214
2023-01-01,Step-Down,48,12,12,0,11,46,0.9583
2023-01-02,Step-Down,48,11,11,0,17,40,0.8333
2023-01-03,Step-Down,48,12,12,0,10,42,0.875
2023-01-04,Step-Down,48,14,14,0,15,41,0.8542
2023-01-05,Step-Down,48,12,12,0,8,45,0.9375
2023-01-06,Step-Down,48,14,14,0,11,48,1.0
2023-01-07,Step-Down,48,16,13,3,13,48,1.0
2023-01-08,Step-Down,48,13,10,3,10,48,1.0
2023-01-09,Step-Down,48,9,9,0,12,45,0.9375
2023-01-10,Step-Down,48,13,13,0,14,44,0.9167
2023-01-11,Step-Down,48,14,14,0,14,44,0.9167
2023-01-12,Step-Down,48,10,10,0,8,46,0.9583
2023-01-13,Step-Down,48,10,10,0,15,41,0.8542
2023-01-14,Step-Down,48,9,9,0,10,40,0.8333
2023-01-15,Step-Down,48,14,14,0,8,46,0.9583
2023-01-16,Step-Down,48,17,15,2,13,48,1.0
2023-01-17,Step-Down,48,14,11,3,11,48,1.0
2023-01-18,Step-Down,48,13,13,0,14,47,0.9792
2023-01-19,Step-Down,48,13,9,4,8,48,1.0
2023-01-20,Step-Down,48,9,9,0,17,40,0.8333
2023-01-21,Step-Down,48,12,12,0,12,40,0.8333
2023-01-22,Step-Down,48,14,12,2,4,48,1.0
2023-01-23,Step-Down,48,7,7,0,13,42,0.875
2023-01-24,Step-Down,48,16,14,2,8,48,1.0
2023-01-25,Step-Down,48,7,7,0,15,40,0.8333
2023-01-26,Step-Down,48,9,9,0,7,42,0.875
2023-01-27,Step-Down,48,11,11,0,13,40,0.8333
2023-01-28,Step-Down,48,8,8,0,10,38,0.7917
2023-01-29,Step-Down,48,5,5,0,8,35,0.7292
2023-01-30,Step-Down,48,11,11,0,9,37,0.7708
2023-01-31,Step-Down,48,9,9,0,7,39,0.8125
2023-02-01,Step-Down,48,13,13,0,8,44,0.9167
2023-02-02,Step-Down,48,5,5,0,10,39,0.8125
2023-02-03,Step-Down,48,8,8,0,7,40,0.8333
2023-02-04,Step-Down,48,11,11,0,17,34,0.7083
2023-02-05,Step-Down,48,15,15,0,7,42,0.875
2023-02-06,Step-Down,48,10,10,0,13,39,0.8125
2023-02-07,Step-Down,48,10,10,0,13,36,0.75
2023-02-08,Step-Down,48,12,12,0,9,39,0.8125
2023-02-09,Step-Down,48,15,15,0,7,47,0.9792
2023-02-10,Step-Down,48,8,8,0,9,46,0.9583
2023-02-11,Step-Down,48,10,10,0,13,43,0.8958
2023-02-12,Step-Down,48,9,9,0,9,43,0.8958
2023-02-13,Step-Down,48,11,11,0,11,43,0.8958
2023-02-14,Step-Down,48,12,12,0,11,44,0.9167
2023-02-15,Step-Down,48,9,9,0,6,47,0.9792
2023-02-16,Step-Down,48,11,11,0,15,43,0.8958
2023-02-17,Step-Down,48,16,16,0,13,46,0.9583
2023-02-18,Step-Down,48,11,11,0,9,48,1.0
2023-02-19,Step-Down,48,10,10,0,17,41,0.8542
2023-02-20,Step-Down,48,12,12,0,9,44,0.9167
2023-02-21,Step-Down,48,12,12,0,8,48,1.0
2023-02-22,Step-Down,48,20,9,11,9,48,1.0
2023-02-23,Step-Down,48,9,9,0,13,44,0.9167
2023-02-24,Step-Down,48,18,17,1,13,48,1.0
2023-02-25,Step-Down,48,7,7,0,13,42,0.875
2023-02-26,Step-Down,48,12,12,0,20,34,0.7083
2023-02-27,Step-Down,48,11,11,0,7,38,0.7917
2023-02-28,Step-Down,48,17,17,0,8,47,0.9792
2023-03-01,Step-Down,48,11,8,3,7,48,1.0
2023-03-02,Step-Down,48,9,9,0,11,46,0.9583
2023-03-03,Step-Down,48,6,6,0,18,34,0.7083
2023-03-04,Step-Down,48,7,7,0,10,31,0.6458
2023-03-05,Step-Down,48,11,11,0,12,30,0.625
2023-03-06,Step-Down,48,11,11,0,3,38,0.7917
2023-03-07,Step-Down,48,12,12,0,10,40,0.8333
2023-03-08,Step-Down,48,7,7,0,11,36,0.75
2023-03-09,Step-Down,48,10,10,0,9,37,0.7708
2023-03-10,Step-Down,48,6,6,0,15,28,0.5833
2023-03-11,Step-Down,48,10,10,0,8,30,0.625
2023-03-12,Step-Down,48,13,13,0,7,36,0.75
2023-03-13,Step-Down,48,11,11,0,5,42,0.875
2023-03-14,Step-Down,48,12,12,0,12,42,0.875
2023-03-15,Step-Down,48,8,8,0,15,35,0.7292
2023-03-16,Step-Down,48,9,9,0,7,37,0.7708
2023-03-17,Step-Down,48,10,10,0,8,39,0.8125
2023-03-18,Step-Down,48,9,9,0,10,38,0.7917
2023-03-19,Step-Down,48,9,9,0,9,38,0.7917
2023-03-20,Step-Down,48,12,12,0,12,38,0.7917
2023-03-21,Step-Down,48,13,13,0,13,38,0.7917
2023-03-22,Step-Down,48,13,13,0,4,47,0.9792
2023-03-23,Step-Down,48,14,13,1,12,48,1.0
2023-03-24,Step-Down,48,12,11,1,11,48,1.0
2023-03-25,Step-Down,48,4,4,0,12,40,0.8333
2023-03-26,Step-Down,48,10,10,0,14,36,0.75
2023-03-27,Step-Down,48,10,10,0,13,33,0.6875
2023-03-28,Step-Down,48,10,10,0,12,31,0.6458
2023-03-29,Step-Down,48,7,7,0,6,32,0.6667
2023-03-30,Step-Down,48,13,13,0,10,35,0.7292
2023-03-31,Step-Down,48,12,12,0,7,40,0.8333
2023-04-01,Step-Down,48,5,5,0,14,31,0.6458
2023-04-02,Step-Down,48,7,7,0,6,32,0.6667
2023-04-03,Step-Down,48,15,15,0,7,40,0.8333
2023-04-04,Step-Down,48,10,10,0,8,42,0.875
2023-04-05,Step-Down,48,8,8,0,11,39,0.8125
2023-04-06,Step-Down,48,10,10,0,14,35,0.7292
2023-04-07,Step-Down,48,10,10,0,10,35,0.7292
2023-04-08,Step-Down,48,17,17,0,7,45,0.9375
2023-04-09,Step-Down,48,9,9,0,8,46,0.9583
2023-04-10,Step-Down,48,11,11,0,12,45,0.9375
2023-04-11,Step-Down,48,9,9,0,13,41,0.8542
2023-04-12,Step-Down,48,14,14,0,17,38,0.7917
2023-04-13,Step-Down,48,12,12,0,10,40,0.8333
2023-04-14,Step-Down,48,9,9,0,7,42,0.875
2023-04-15,Step-Down,48,9,9,0,11,40,0.8333
2023-04-16,Step-Down,48,6,6,0,9,37,0.7708
2023-04-17,Step-Down,48,9,9,0,15,31,0.6458
2023-04-18,Step-Down,48,11,11,0,5,37,0.7708
2023-04-19,Step-Down,48,14,14,0,12,39,0.8125
2023-04-20,Step-Down,48,10,10,0,11,38,0.7917
2023-04-21,Step-Down,48,9,9,0,8,39,0.8125
2023-04-22,Step-Down,48,4,4,0,9,34,0.7083
2023-04-23,Step-Down,48,7,7,0,10,31,0.6458
2023-04-24,Step-Down,48,12,12,0,11,32,0.6667
2023-04-25,Step-Down,48,8,8,0,4,36,0.75
2023-04-26,Step-Down,48,18,18,0,10,44,0.9167
2023-04-27,Step-Down,48,7,7,0,11,40,0.8333
2023-04-28,Step-Down,48,6,6,0,12,34,0.7083
2023-04-29,Step-Down,48,9,9,0,13,30,0.625
2023-04-30,Step-Down,48,3,3,0,9,24,0.5
2023-05-01,Step-Down,48,10,10,0,3,31,0.6458
2023-05-02,Step-Down,48,6,6,0,9,28,0.5833
2023-05-03,Step-Down,48,12,12,0,7,33,0.6875
2023-05-04,Step-Down,48,7,7,0,10,30,0.625
2023-05-05,Step-Down,48,12,12,0,8,34,0.7083
2023-05-06,Step-Down,48,5,5,0,4,35,0.7292
2023-05-07,Step-Down,48,7,7,0,9,33,0.6875
2023-05-08,Step-Down,48,14,14,0,11,36,0.75
2023-05-09,Step-Down,48,11,11,0,9,38,0.7917
2023-05-10,Step-Down,48,8,8,0,7,39,0.8125
2023-05-11,Step-Down,48,10,10,0,7,42,0.875
2023-05-12,Step-Down,48,4,4,0,16,30,0.625
2023-05-13,Step-Down,48,10,10,0,8,32,0.6667
2023-05-14,Step-Down,48,9,9,0,5,36,0.75
2023-05-15,Step-Down,48,8,8,0,6,38,0.7917
2023-05-16,Step-Down,48,14,14,0,9,43,0.8958
2023-05-17,Step-Down,48,9,9,0,12,40,0.8333
2023-05-18,Step-Down,48,6,6,0,9,37,0.7708
2023-05-19,Step-Down,48,9,9,0,5,41,0.8542
2023-05-20,Step-Down,48,10,10,0,9,42,0.875
2023-05-21,Step-Down,48,5,5,0,11,36,0.75
2023-05-22,Step-Down,48,12,12,0,13,35,0.7292
2023-05-23,Step-Down,48,9,9,0,5,39,0.8125
2023-05-24,Step-Down,48,10,10,0,8,41,0.8542
2023-05-25,Step-Down,48,8,8,0,10,39,0.8125
2023-05-26,Step-Down,48,13,13,0,12,40,0.8333
2023-05-27,Step-Down,48,9,9,0,9,40,0.8333
2023-05-28,Step-Down,48,10,10,0,12,38,0.7917
2023-05-29,Step-Down,48,8,8,0,9,37,0.7708
2023-05-30,Step-Down,48,8,8,0,9,36,0.75
2023-05-31,Step-Down,48,8,8,0,13,31,0.6458
2023-06-01,Step-Down,48,3,3,0,10,24,0.5
2023-06-02,Step-Down,48,9,9,0,6,27,0.5625
2023-06-03,Step-Down,48,8,8,0,5,30,0.625
2023-06-04,Step-Down,48,9,9,0,3,36,0.75
2023-06-05,Step-Down,48,8,8,0,9,35,0.7292
2023-06-06,Step-Down,48,13,13,0,5,43,0.8958
2023-06-07,Step-Down,48,9,9,0,9,43,0.8958
2023-06-08,Step-Down,48,8,8,0,17,34,0.7083
2023-06-09,Step-Down,48,6,6,0,8,32,0.6667
2023-06-10,Step-Down,48,9,9,0,10,31,0.6458
2023-06-11,Step-Down,48,6,6,0,11,26,0.5417
2023-06-12,Step-Down,48,9,9,0,7,28,0.5833
2023-06-13,Step-Down,48,5,5,0,7,26,0.5417
2023-06-14,Step-Down,48,8,8,0,4,30,0.625
2023-06-15,Step-Down,48,4,4,0,8,26,0.5417
2023-06-16,Step-Down,48,10,10,0,6,30,0.625
2023-06-17,Step-Down,48,6,6,0,7,29,0.6042
2023-06-18,Step-Down,48,10,10,0,6,33,0.6875
2023-06-19,Step-Down,48,6,6,0,5,34,0.7083
2023-06-20,Step-Down,48,14,14,0,9,39,0.8125
2023-06-21,Step-Down,48,9,9,0,11,37,0.7708
2023-06-22,Step-Down,48,8,8,0,6,39,0.8125
2023-06-23,Step-Down,48,6,6,0,14,31,0.6458
2023-06-24,Step-Down,48,7,7,0,11,27,0.5625
2023-06-25,Step-Down,48,7,7,0,13,21,0.4375
2023-06-26,Step-Down,48,15,15,0,5,31,0.6458
2023-06-27,Step-Down,48,10,10,0,5,36,0.75
2023-06-28,Step-Down,48,7,7,0,7,36,0.75
2023-06-29,Step-Down,48,8,8,0,9,35,0.7292
2023-06-30,Step-Down,48,8,8,0,6,37,0.7708
2023-07-01,Step-Down,48,15,15,0,10,42,0.875
2023-07-02,Step-Down,48,8,8,0,13,37,0.7708
2023-07-03,Step-Down,48,11,11,0,11,37,0.7708
2023-07-04,Step-Down,48,13,13,0,11,39,0.8125
2023-07-05,Step-Down,48,9,9,0,9,39,0.8125
2023-07-06,Step-Down,48,7,7,0,11,35,0.7292
2023-07-07,Step-Down,48,3,3,0,10,28,0.5833
2023-07-08,Step-Down,48,4,4,0,7,25,0.5208
2023-07-09,Step-Down,48,4,4,0,8,21,0.4375
2023-07-10,Step-Down,48,11,11,0,7,25,0.5208
2023-07-11,Step-Down,48,8,8,0,9,24,0.5
2023-07-12,Step-Down,48,8,8,0,7,25,0.5208
2023-07-13,Step-Down,48,9,9,0,2,32,0.6667
2023-07-14,Step-Down,48,7,7,0,8,31,0.6458
2023-07-15,Step-Down,48,8,8,0,9,30,0.625
2023-07-16,Step-Down,48,8,8,0,7,31,0.6458
2023-07-17,Step-Down,48,14,14,0,9,36,0.75
2023-07-18,Step-Down,48,8,8,0,9,35,0.7292
2023-07-19,Step-Down,48,9,9,0,9,35,0.7292
2023-07-20,Step-Down,48,14,14,0,12,37,0.7708
2023-07-21,Step-Down,48,11,11,0,6,42,0.875
2023-07-22,Step-Down,48,9,9,0,13,38,0.7917
2023-07-23,Step-Down,48,8,8,0,9,37,0.7708
2023-07-24,Step-Down,48,8,8,0,8,37,0.7708
2023-07-25,Step-Down,48,3,3,0,7,33,0.6875
2023-07-26,Step-Down,48,9,9,0,9,33,0.6875
2023-07-27,Step-Down,48,5,5,0,9,29,0.6042
2023-07-28,Step-Down,48,6,6,0,8,27,0.5625
2023-07-29,Step-Down,48,8,8,0,6,29,0.6042
2023-07-30,Step-Down,48,5,5,0,9,25,0.5208
2023-07-31,Step-Down,48,8,8,0,6,27,0.5625
2023-08-01,Step-Down,48,5,5,0,6,26,0.5417
2023-08-02,Step-Down,48,12,12,0,6,32,0.6667
2023-08-03,Step-Down,48,6,6,0,6,32,0.6667
2023-08-04,Step-Down,48,13,13,0,7,38,0.7917
2023-08-05,Step-Down,48,9,9,0,13,34,0.7083
2023-08-06,Step-Down,48,8,8,0,3,39,0.8125
2023-08-07,Step-Down,48,8,8,0,10,37,0.7708
2023-08-08,Step-Down,48,9,9,0,12,34,0.7083
2023-08-09,Step-Down,48,11,11,0,7,38,0.7917
2023-08-10,Step-Down,48,10,10,0,9,39,0.8125
2023-08-11,Step-Down,48,14,14,0,9,44,0.9167
2023-08-12,Step-Down,48,9,9,0,10,43,0.8958
2023-08-13,Step-Down,48,7,7,0,9,41,0.8542
2023-08-14,Step-Down,48,6,6,0,7,40,0.8333
2023-08-15,Step-Down,48,7,7,0,11,36,0.75
2023-08-16,Step-Down,48,8,8,0,14,30,0.625
2023-08-17,Step-Down,48,4,4,0,7,27,0.5625
2023-08-18,Step-Down,48,12,12,0,6,33,0.6875
2023-08-19,Step-Down,48,14,14,0,8,39,0.8125
2023-08-20,Step-Down,48,5,5,0,11,33,0.6875
2023-08-21,Step-Down,48,12,12,0,9,36,0.75
2023-08-22,Step-Down,48,12,12,0,11,37,0.7708
2023-08-23,Step-Down,48,8,8,0,9,36,0.75
2023-08-24,Step-Down,48,10,10,0,8,38,0.7917
2023-08-25,Step-Down,48,11,11,0,8,41,0.8542
2023-08-26,Step-Down,48,13,13,0,11,43,0.8958
2023-08-27,Step-Down,48,5,5,0,8,40,0.8333
2023-08-28,Step-Down,48,13,13,0,10,43,0.8958
2023-08-29,Step-Down,48,13,13,0,13,43,0.8958
2023-08-30,Step-Down,48,5,5,0,11,37,0.7708
2023-08-31,Step-Down,48,11,11,0,12,36,0.75
2023-09-01,Step-Down,48,7,7,0,13,30,0.625
2023-09-02,Step-Down,48,12,12,0,9,33,0.6875
2023-09-03,Step-Down,48,8,8,0,6,35,0.7292
2023-09-04,Step-Down,48,13,13,0,5,43,0.8958
2023-09-05,Step-Down,48,11,11,0,7,47,0.9792
2023-09-06,Step-Down,48,14,9,5,8,48,1.0
2023-09-07,Step-Down,48,18,10,8,10,48,1.0
2023-09-08,Step-Down,48,13,13,0,13,48,1.0
2023-09-09,Step-Down,48,12,9,3,9,48,1.0
2023-09-10,Step-Down,48,15,15,0,15,48,1.0
2023-09-11,Step-Down,48,15,14,1,14,48,1.0
2023-09-12,Step-Down,48,11,11,0,12,47,0.9792
2023-09-13,Step-Down,48,13,12,1,11,48,1.0
2023-09-14,Step-Down,48,8,8,0,13,43,0.8958
2023-09-15,Step-Down,48,13,13,0,8,48,1.0
2023-09-16,Step-Down,48,6,6,0,13,41,0.8542
2023-09-17,Step-Down,48,4,4,0,8,37,0.7708
2023-09-18,Step-Down,48,8,8,0,16,29,0.6042
2023-09-19,Step-Down,48,11,11,0,8,32,0.6667
2023-09-20,Step-Down,48,17,17,0,4,45,0.9375
2023-09-21,Step-Down,48,6,6,0,6,45,0.9375
2023-09-22,Step-Down,48,12,12,0,11,46,0.9583
2023-09-23,Step-Down,48,14,14,0,16,44,0.9167
2023-09-24,Step-Down,48,6,6,0,8,42,0.875
2023-09-25,Step-Down,48,11,11,0,14,39,0.8125
2023-09-26,Step-Down,48,9,9,0,9,39,0.8125
2023-09-27,Step-Down,48,8,8,0,7,40,0.8333
2023-09-28,Step-Down,48,6,6,0,9,37,0.7708
2023-09-29,Step-Down,48,13,13,0,10,40,0.8333
2023-09-30,Step-Down,48,9,9,0,13,36,0.75
2023-10-01,Step-Down,48,4,4,0,3,37,0.7708
2023-10-02,Step-Down,48,9,9,0,8,38,0.7917
2023-10-03,Step-Down,48,9,9,0,9,38,0.7917
2023-10-04,Step-Down,48,10,10,0,9,39,0.8125
2023-10-05,Step-Down,48,8,8,0,9,38,0.7917
2023-10-06,Step-Down,48,9,9,0,9,38,0.7917
2023-10-07,Step-Down,48,6,6,0,13,31,0.6458
2023-10-08,Step-Down,48,12,12,0,9,34,0.7083
2023-10-09,Step-Down,48,10,10,0,7,37,0.7708
2023-10-10,Step-Down,48,15,15,0,9,43,0.8958
2023-10-11,Step-Down,48,9,9,0,9,43,0.8958
2023-10-12,Step-Down,48,9,9,0,12,40,0.8333
2023-10-13,Step-Down,48,4,4,0,18,26,0.5417
2023-10-14,Step-Down,48,15,15,0,10,31,0.6458
2023-10-15,Step-Down,48,9,9,0,4,36,0.75
2023-10-16,Step-Down,48,10,10,0,13,33,0.6875
2023-10-17,Step-Down,48,8,8,0,8,33,0.6875
2023-10-18,Step-Down,48,12,12,0,9,36,0.75
2023-10-19,Step-Down,48,9,9,0,8,37,0.7708
2023-10-20,Step-Down,48,7,7,0,8,36,0.75
2023-10-21,Step-Down,48,12,12,0,11,37,0.7708
2023-10-22,Step-Down,48,9,9,0,12,34,0.7083
2023-10-23,Step-Down,48,11,11,0,8,37,0.7708
2023-10-24,Step-Down,48,15,15,0,14,38,0.7917
2023-10-25,Step-Down,48,14,14,0,12,40,0.8333
2023-10-26,Step-Down,48,13,13,0,5,48,1.0
2023-10-27,Step-Down,48,6,6,0,12,42,0.875
2023-10-28,Step-Down,48,10,10,0,10,42,0.875
2023-10-29,Step-Down,48,14,14,0,14,42,0.875
2023-10-30,Step-Down,48,8,8,0,9,41,0.8542
2023-10-31,Step-Down,48,16,16,0,13,44,0.9167
2023-11-01,Step-Down,48,11,11,0,11,44,0.9167
2023-11-02,Step-Down,48,11,11,0,15,40,0.8333
2023-11-03,Step-Down,48,7,7,0,11,36,0.75
2023-11-04,Step-Down,48,8,8,0,8,36,0.75
2023-11-05,Step-Down,48,14,14,0,8,42,0.875
2023-11-06,Step-Down,48,12,12,0,10,44,0.9167
2023-11-07,Step-Down,48,8,8,0,9,43,0.8958
2023-11-08,Step-Down,48,9,9,0,12,40,0.8333
2023-11-09,Step-Down,48,10,10,0,14,36,0.75
2023-11-10,Step-Down,48,7,7,0,13,30,0.625
2023-11-11,Step-Down,48,14,14,0,9,35,0.7292
2023-11-12,Step-Down,48,14,14,0,7,42,0.875
2023-11-13,Step-Down,48,9,9,0,8,43,0.8958
2023-11-14,Step-Down,48,12,12,0,11,44,0.9167
2023-11-15,Step-Down,48,10,10,0,12,42,0.875
2023-11-16,Step-Down,48,12,12,0,6,48,1.0
2023-11-17,Step-Down,48,17,13,4,13,48,1.0
2023-11-18,Step-Down,48,11,11,0,17,42,0.875
2023-11-19,Step-Down,48,15,15,0,10,47,0.9792
2023-11-20,Step-Down,48,6,6,0,9,44,0.9167
2023-11-21,Step-Down,48,10,10,0,15,39,0.8125
2023-11-22,Step-Down,48,11,11,0,11,39,0.8125
2023-11-23,Step-Down,48,10,10,0,6,43,0.8958
2023-11-24,Step-Down,48,10,10,0,14,39,0.8125
2023-11-25,Step-Down,48,8,8,0,9,38,0.7917
2023-11-26,Step-Down,48,7,7,0,14,31,0.6458
2023-11-27,Step-Down,48,8,8,0,6,33,0.6875
2023-11-28,Step-Down,48,13,13,0,7,39,0.8125
2023-11-29,Step-Down,48,7,7,0,10,36,0.75
2023-11-30,Step-Down,48,14,14,0,9,41,0.8542
2023-12-01,Step-Down,48,12,12,0,11,42,0.875
2023-12-02,Step-Down,48,8,8,0,10,40,0.8333
2023-12-03,Step-Down,48,12,12,0,7,45,0.9375
2023-12-04,Step-Down,48,9,9,0,12,42,0.875
2023-12-05,Step-Down,48,9,9,0,11,40,0.8333
2023-12-06,Step-Down,48,8,8,0,13,35,0.7292
2023-12-07,Step-Down,48,13,13,0,9,39,0.8125
2023-12-08,Step-Down,48,16,16,0,10,45,0.9375
2023-12-09,Step-Down,48,10,10,0,9,46,0.9583
2023-12-10,Step-Down,48,14,14,0,17,43,0.8958
2023-12-11,Step-Down,48,13,13,0,12,44,0.9167
2023-12-12,Step-Down,48,8,8,0,11,41,0.8542
2023-12-13,Step-Down,48,12,12,0,11,42,0.875
2023-12-14,Step-Down,48,11,11,0,10,43,0.8958
2023-12-15,Step-Down,48,15,13,2,8,48,1.0
2023-12-16,Step-Down,48,13,13,0,15,46,0.9583
2023-12-17,Step-Down,48,17,12,5,10,48,1.0
2023-12-18,Step-Down,48,10,10,0,15,43,0.8958
2023-12-19,Step-Down,48,15,15,0,15,43,0.8958
2023-12-20,Step-Down,48,10,10,0,11,42,0.875
2023-12-21,Step-Down,48,18,14,4,8,48,1.0
2023-12-22,Step-Down,48,7,7,0,11,44,0.9167
2023-12-23,Step-Down,48,11,11,0,15,40,0.8333
2023-12-24,Step-Down,48,11,11,0,11,40,0.8333
2023-12-25,Step-Down,48,16,16,0,9,47,0.9792
2023-12-26,Step-Down,48,12,12,0,11,48,1.0
2023-12-27,Step-Down,48,10,10,0,13,45,0.9375
2023-12-28,Step-Down,48,12,12,0,11,46,0.9583
2023-12-29,Step-Down,48,17,14,3,12,48,1.0
2023-12-30,Step-Down,48,11,11,0,12,47,0.9792
2023-12-31,Step-Down,48,8,8,0,12,43,0.8958
2024-01-01,Step-Down,48,16,15,1,10,48,1.0
2024-01-02,Step-Down,48,13,13,0,13,48,1.0
2024-01-03,Step-Down,48,11,11,0,13,46,0.9583
2024-01-04,Step-Down,48,10,10,0,16,40,0.8333
2024-01-05,Step-Down,48,9,9,0,7,42,0.875
2024-01-06,Step-Down,48,14,14,0,11,45,0.9375
2024-01-07,Step-Down,48,13,12,1,9,48,1.0
2024-01-08,Step-Down,48,14,12,2,12,48,1.0
2024-01-09,Step-Down,48,16,8,8,8,48,1.0
2024-01-10,Step-Down,48,11,11,0,14,45,0.9375
2024-01-11,Step-Down,48,13,13,0,17,41,0.8542
2024-01-12,Step-Down,48,19,13,6,6,48,1.0
2024-01-13,Step-Down,48,8,8,0,10,46,0.9583
2024-01-14,Step-Down,48,12,9,3,7,48,1.0
2024-01-15,Step-Down,48,18,6,12,6,48,1.0
2024-01-16,Step-Down,48,15,15,0,20,43,0.8958
2024-01-17,Step-Down,48,17,17,0,12,48,1.0
2024-01-18,Step-Down,48,13,11,2,11,48,1.0
2024-01-19,Step-Down,48,25,13,12,13,48,1.0
2024-01-20,Step-Down,48,17,12,5,12,48,1.0
2024-01-21,Step-Down,48,11,11,0,13,46,0.9583
2024-01-22,Step-Down,48,9,9,0,9,46,0.9583
2024-01-23,Step-Down,48,15,12,3,10,48,1.0
2024-01-24,Step-Down,48,11,11,0,11,48,1.0
2024-01-25,Step-Down,48,16,15,1,15,48,1.0
2024-01-26,Step-Down,48,9,9,0,10,47,0.9792
2024-01-27,Step-Down,48,5,5,0,10,42,0.875
2024-01-28,Step-Down,48,16,16,0,16,42,0.875
2024-01-29,Step-Down,48,11,9,2,3,48,1.0
2024-01-30,Step-Down,48,14,9,5,9,48,1.0
2024-01-31,Step-Down,48,14,10,4,10,48,1.0
2024-02-01,Step-Down,48,10,10,0,15,43,0.8958
2024-02-02,Step-Down,48,8,8,0,12,39,0.8125
2024-02-03,Step-Down,48,9,9,0,10,38,0.7917
2024-02-04,Step-Down,48,15,15,0,10,43,0.8958
2024-02-05,Step-Down,48,19,16,3,11,48,1.0
2024-02-06,Step-Down,48,18,16,2,16,48,1.0
2024-02-07,Step-Down,48,12,9,3,9,48,1.0
2024-02-08,Step-Down,48,18,9,9,9,48,1.0
2024-02-09,Step-Down,48,11,11,0,13,46,0.9583
2024-02-10,Step-Down,48,10,10,0,15,41,0.8542
2024-02-11,Step-Down,48,12,12,0,7,46,0.9583
2024-02-12,Step-Down,48,6,6,0,11,41,0.8542
2024-02-13,Step-Down,48,6,6,0,12,35,0.7292
2024-02-14,Step-Down,48,12,12,0,10,37,0.7708
2024-02-15,Step-Down,48,11,11,0,10,38,0.7917
2024-02-16,Step-Down,48,9,9,0,11,36,0.75
2024-02-17,Step-Down,48,8,8,0,10,34,0.7083
2024-02-18,Step-Down,48,12,12,0,10,36,0.75
2024-02-19,Step-Down,48,12,12,0,11,37,0.7708
2024-02-20,Step-Down,48,13,13,0,8,42,0.875
2024-02-21,Step-Down,48,7,7,0,14,35,0.7292
2024-02-22,Step-Down,48,10,10,0,6,39,0.8125
2024-02-23,Step-Down,48,12,12,0,12,39,0.8125
2024-02-24,Step-Down,48,7,7,0,11,35,0.7292
2024-02-25,Step-Down,48,11,11,0,5,41,0.8542
2024-02-26,Step-Down,48,10,10,0,13,38,0.7917
2024-02-27,Step-Down,48,9,9,0,8,39,0.8125
2024-02-28,Step-Down,48,11,11,0,5,45,0.9375
2024-02-29,Step-Down,48,12,12,0,9,48,1.0
2024-03-01,Step-Down,48,19,12,7,12,48,1.0
2024-03-02,Step-Down,48,12,10,2,10,48,1.0
2024-03-03,Step-Down,48,7,7,0,15,40,0.8333
2024-03-04,Step-Down,48,8,8,0,12,36,0.75
2024-03-05,Step-Down,48,6,6,0,7,35,0.7292
2024-03-06,Step-Down,48,13,13,0,12,36,0.75
2024-03-07,Step-Down,48,10,10,0,9,37,0.7708
2024-03-08,Step-Down,48,7,7,0,10,34,0.7083
2024-03-09,Step-Down,48,9,9,0,10,33,0.6875
2024-03-10,Step-Down,48,10,10,0,8,35,0.7292
2024-03-11,Step-Down,48,12,12,0,11,36,0.75
2024-03-12,Step-Down,48,12,12,0,5,43,0.8958
2024-03-13,Step-Down,48,17,17,0,13,47,0.9792
2024-03-14,Step-Down,48,15,12,3,11,48,1.0
2024-03-15,Step-Down,48,17,8,9,8,48,1.0
2024-03-16,Step-Down,48,11,11,0,15,44,0.9167
2024-03-17,Step-Down,48,9,9,0,13,40,0.8333
2024-03-18,Step-Down,48,12,12,0,11,41,0.8542
2024-03-19,Step-Down,48,9,9,0,14,36,0.75
2024-03-20,Step-Down,48,13,13,0,7,42,0.875
2024-03-21,Step-Down,48,11,11,0,11,42,0.875
2024-03-22,Step-Down,48,18,16,2,10,48,1.0
2024-03-23,Step-Down,48,6,6,0,10,44,0.9167
2024-03-24,Step-Down,48,9,9,0,19,34,0.7083
2024-03-25,Step-Down,48,8,8,0,10,32,0.6667
2024-03-26,Step-Down,48,13,13,0,6,39,0.8125
2024-03-27,Step-Down,48,10,10,0,8,41,0.8542
2024-03-28,Step-Down,48,13,11,2,4,48,1.0
2024-03-29,Step-Down,48,11,9,2,9,48,1.0
2024-03-30,Step-Down,48,8,8,0,16,40,0.8333
2024-03-31,Step-Down,48,12,12,0,16,36,0.75
2024-04-01,Step-Down,48,11,11,0,8,39,0.8125
2024-04-02,Step-Down,48,7,7,0,9,37,0.7708
2024-04-03,Step-Down,48,9,9,0,14,32,0.6667
2024-04-04,Step-Down,48,17,17,0,8,41,0.8542
2024-04-05,Step-Down,48,13,13,0,9,45,0.9375
2024-04-06,Step-Down,48,9,9,0,8,46,0.9583
2024-04-07,Step-Down,48,8,8,0,12,42,0.875
2024-04-08,Step-Down,48,11,11,0,9,44,0.9167
2024-04-09,Step-Down,48,9,9,0,11,42,0.875
2024-04-10,Step-Down,48,14,14,0,14,42,0.875
2024-04-11,Step-Down,48,14,14,0,10,46,0.9583
2024-04-12,Step-Down,48,5,5,0,12,39,0.8125
2024-04-13,Step-Down,48,13,13,0,14,38,0.7917
2024-04-14,Step-Down,48,9,9,0,7,40,0.8333
2024-04-15,Step-Down,48,4,4,0,12,32,0.6667
2024-04-16,Step-Down,48,11,11,0,7,36,0.75
2024-04-17,Step-Down,48,10,10,0,11,35,0.7292
2024-04-18,Step-Down,48,13,13,0,8,40,0.8333
2024-04-19,Step-Down,48,7,7,0,9,38,0.7917
2024-04-20,Step-Down,48,8,8,0,8,38,0.7917
2024-04-21,Step-Down,48,10,10,0,10,38,0.7917
2024-04-22,Step-Down,48,8,8,0,6,40,0.8333
2024-04-23,Step-Down,48,7,7,0,15,32,0.6667
2024-04-24,Step-Down,48,10,10,0,10,32,0.6667
2024-04-25,Step-Down,48,12,12,0,6,38,0.7917
2024-04-26,Step-Down,48,10,10,0,12,36,0.75
2024-04-27,Step-Down,48,6,6,0,12,30,0.625
2024-04-28,Step-Down,48,8,8,0,11,27,0.5625
2024-04-29,Step-Down,48,17,17,0,6,38,0.7917
2024-04-30,Step-Down,48,11,11,0,4,45,0.9375
2024-05-01,Step-Down,48,12,12,0,11,46,0.9583
2024-05-02,Step-Down,48,15,12,3,10,48,1.0
2024-05-03,Step-Down,48,6,6,0,14,40,0.8333
2024-05-04,Step-Down,48,16,16,0,9,47,0.9792
2024-05-05,Step-Down,48,10,10,0,12,45,0.9375
2024-05-06,Step-Down,48,13,11,2,8,48,1.0
2024-05-07,Step-Down,48,13,13,0,14,47,0.9792
2024-05-08,Step-Down,48,3,3,0,18,32,0.6667
2024-05-09,Step-Down,48,13,13,0,10,35,0.7292
2024-05-10,Step-Down,48,9,9,0,12,32,0.6667
2024-05-11,Step-Down,48,4,4,0,7,29,0.6042
2024-05-12,Step-Down,48,11,11,0,5,35,0.7292
2024-05-13,Step-Down,48,10,10,0,7,38,0.7917
2024-05-14,Step-Down,48,14,14,0,7,45,0.9375
2024-05-15,Step-Down,48,8,8,0,13,40,0.8333
2024-05-16,Step-Down,48,7,7,0,13,34,0.7083
2024-05-17,Step-Down,48,14,14,0,7,41,0.8542
2024-05-18,Step-Down,48,9,9,0,9,41,0.8542
2024-05-19,Step-Down,48,13,13,0,10,44,0.9167
2024-05-20,Step-Down,48,16,10,6,6,48,1.0
2024-05-21,Step-Down,48,11,11,0,16,43,0.8958
2024-05-22,Step-Down,48,11,11,0,11,43,0.8958
2024-05-23,Step-Down,48,11,11,0,13,41,0.8542
2024-05-24,Step-Down,48,11,11,0,15,37,0.7708
2024-05-25,Step-Down,48,8,8,0,8,37,0.7708
2024-05-26,Step-Down,48,11,11,0,17,31,0.6458
2024-05-27,Step-Down,48,12,12,0,8,35,0.7292
2024-05-28,Step-Down,48,16,16,0,5,46,0.9583
2024-05-29,Step-Down,48,11,11,0,15,42,0.875
2024-05-30,Step-Down,48,11,11,0,9,44,0.9167
2024-05-31,Step-Down,48,9,9,0,16,37,0.7708
2024-06-01,Step-Down,48,9,9,0,12,34,0.7083
2024-06-02,Step-Down,48,8,8,0,9,33,0.6875
2024-06-03,Step-Down,48,6,6,0,10,29,0.6042
2024-06-04,Step-Down,48,15,15,0,5,39,0.8125
2024-06-05,Step-Down,48,12,12,0,7,44,0.9167
2024-06-06,Step-Down,48,9,9,0,13,40,0.8333
2024-06-07,Step-Down,48,4,4,0,6,38,0.7917
2024-06-08,Step-Down,48,10,10,0,6,42,0.875
2024-06-09,Step-Down,48,8,8,0,11,39,0.8125
2024-06-10,Step-Down,48,10,10,0,10,39,0.8125
2024-06-11,Step-Down,48,7,7,0,13,33,0.6875
2024-06-12,Step-Down,48,11,11,0,8,36,0.75
2024-06-13,Step-Down,48,10,10,0,7,39,0.8125
2024-06-14,Step-Down,48,9,9,0,9,39,0.8125
2024-06-15,Step-Down,48,13,13,0,10,42,0.875
2024-06-16,Step-Down,48,5,5,0,5,42,0.875
2024-06-17,Step-Down,48,11,11,0,13,40,0.8333
2024-06-18,Step-Down,48,7,7,0,8,39,0.8125
2024-06-19,Step-Down,48,11,11,0,7,43,0.8958
2024-06-20,Step-Down,48,9,9,0,16,36,0.75
2024-06-21,Step-Down,48,13,13,0,6,43,0.8958
2024-06-22,Step-Down,48,6,6,0,12,37,0.7708
2024-06-23,Step-Down,48,3,3,0,8,32,0.6667
2024-06-24,Step-Down,48,9,9,0,9,32,0.6667
2024-06-25,Step-Down,48,11,11,0,8,35,0.7292
2024-06-26,Step-Down,48,13,13,0,13,35,0.7292
2024-06-27,Step-Down,48,4,4,0,8,31,0.6458
2024-06-28,Step-Down,48,9,9,0,8,32,0.6667
2024-06-29,Step-Down,48,14,14,0,10,36,0.75
2024-06-30,Step-Down,48,9,9,0,6,39,0.8125
2024-07-01,Step-Down,48,10,10,0,15,34,0.7083
2024-07-02,Step-Down,48,7,7,0,11,30,0.625
2024-07-03,Step-Down,48,12,12,0,4,38,0.7917
2024-07-04,Step-Down,48,8,8,0,10,36,0.75
2024-07-05,Step-Down,48,14,14,0,7,43,0.8958
2024-07-06,Step-Down,48,4,4,0,10,37,0.7708
2024-07-07,Step-Down,48,5,5,0,15,27,0.5625
2024-07-08,Step-Down,48,12,12,0,9,30,0.625
2024-07-09,Step-Down,48,8,8,0,7,31,0.6458
2024-07-10,Step-Down,48,7,7,0,7,31,0.6458
2024-07-11,Step-Down,48,14,14,0,7,38,0.7917
2024-07-12,Step-Down,48,12,12,0,10,40,0.8333
2024-07-13,Step-Down,48,9,9,0,10,39,0.8125
2024-07-14,Step-Down,48,6,6,0,11,34,0.7083
2024-07-15,Step-Down,48,6,6,0,7,33,0.6875
2024-07-16,Step-Down,48,6,6,0,13,26,0.5417
2024-07-17,Step-Down,48,10,10,0,7,29,0.6042
2024-07-18,Step-Down,48,9,9,0,7,31,0.6458
2024-07-19,Step-Down,48,6,6,0,9,28,0.5833
2024-07-20,Step-Down,48,8,8,0,6,30,0.625
2024-07-21,Step-Down,48,5,5,0,8,27,0.5625
2024-07-22,Step-Down,48,8,8,0,4,31,0.6458
2024-07-23,Step-Down,48,6,6,0,8,29,0.6042
2024-07-24,Step-Down,48,11,11,0,5,35,0.7292
2024-07-25,Step-Down,48,11,11,0,6,40,0.8333
2024-07-26,Step-Down,48,9,9,0,8,41,0.8542
2024-07-27,Step-Down,48,6,6,0,11,36,0.75
2024-07-28,Step-Down,48,8,8,0,12,32,0.6667
2024-07-29,Step-Down,48,10,10,0,6,36,0.75
2024-07-30,Step-Down,48,16,16,0,11,41,0.8542
2024-07-31,Step-Down,48,10,10,0,10,41,0.8542
2024-08-01,Step-Down,48,8,8,0,9,40,0.8333
2024-08-02,Step-Down,48,11,11,0,8,43,0.8958
2024-08-03,Step-Down,48,3,3,0,11,35,0.7292
2024-08-04,Step-Down,48,12,12,0,12,35,0.7292
2024-08-05,Step-Down,48,9,9,0,10,34,0.7083
2024-08-06,Step-Down,48,11,11,0,6,39,0.8125
2024-08-07,Step-Down,48,11,11,0,9,41,0.8542
2024-08-08,Step-Down,48,13,13,0,10,44,0.9167
2024-08-09,Step-Down,48,8,8,0,10,42,0.875
2024-08-10,Step-Down,48,9,9,0,12,39,0.8125
2024-08-11,Step-Down,48,12,12,0,9,42,0.875
2024-08-12,Step-Down,48,12,12,0,10,44,0.9167
2024-08-13,Step-Down,48,13,13,0,14,43,0.8958
2024-08-14,Step-Down,48,10,10,0,13,40,0.8333
2024-08-15,Step-Down,48,8,8,0,11,37,0.7708
2024-08-16,Step-Down,48,7,7,0,6,38,0.7917
2024-08-17,Step-Down,48,7,7,0,7,38,0.7917
2024-08-18,Step-Down,48,4,4,0,7,35,0.7292
2024-08-19,Step-Down,48,12,12,0,9,38,0.7917
2024-08-20,Step-Down,48,6,6,0,11,33,0.6875
2024-08-21,Step-Down,48,9,9,0,11,31,0.6458
2024-08-22,Step-Down,48,8,8,0,9,30,0.625
2024-08-23,Step-Down,48,7,7,0,9,28,0.5833
2024-08-24,Step-Down,48,9,9,0,6,31,0.6458
2024-08-25,Step-Down,48,8,8,0,7,32,0.6667
2024-08-26,Step-Down,48,11,11,0,10,33,0.6875
2024-08-27,Step-Down,48,8,8,0,10,31,0.6458
2024-08-28,Step-Down,48,7,7,0,8,30,0.625
2024-08-29,Step-Down,48,12,12,0,9,33,0.6875
2024-08-30,Step-Down,48,13,13,0,6,40,0.8333
2024-08-31,Step-Down,48,15,15,0,10,45,0.9375
2024-09-01,Step-Down,48,10,10,0,11,44,0.9167
2024-09-02,Step-Down,48,11,11,0,16,39,0.8125
2024-09-03,Step-Down,48,11,11,0,7,43,0.8958
2024-09-04,Step-Down,48,8,8,0,9,42,0.875
2024-09-05,Step-Down,48,9,9,0,16,35,0.7292
2024-09-06,Step-Down,48,9,9,0,10,34,0.7083
2024-09-07,Step-Down,48,11,11,0,10,35,0.7292
2024-09-08,Step-Down,48,6,6,0,10,31,0.6458
2024-09-09,Step-Down,48,10,10,0,9,32,0.6667
2024-09-10,Step-Down,48,14,14,0,7,39,0.8125
2024-09-11,Step-Down,48,16,16,0,7,48,1.0
2024-09-12,Step-Down,48,9,9,0,9,48,1.0
2024-09-13,Step-Down,48,11,10,1,10,48,1.0
2024-09-14,Step-Down,48,15,11,4,11,48,1.0
2024-09-15,Step-Down,48,6,6,0,13,41,0.8542
2024-09-16,Step-Down,48,14,14,0,12,43,0.8958
2024-09-17,Step-Down,48,15,15,0,10,48,1.0
2024-09-18,Step-Down,48,5,5,0,15,38,0.7917
2024-09-19,Step-Down,48,9,9,0,9,38,0.7917
2024-09-20,Step-Down,48,8,8,0,15,31,0.6458
2024-09-21,Step-Down,48,12,12,0,10,33,0.6875
2024-09-22,Step-Down,48,11,11,0,7,37,0.7708
2024-09-23,Step-Down,48,11,11,0,10,38,0.7917
2024-09-24,Step-Down,48,8,8,0,14,32,0.6667
2024-09-25,Step-Down,48,9,9,0,9,32,0.6667
2024-09-26,Step-Down,48,9,9,0,3,38,0.7917
2024-09-27,Step-Down,48,12,12,0,9,41,0.8542
2024-09-28,Step-Down,48,6,6,0,9,38,0.7917
2024-09-29,Step-Down,48,12,12,0,9,41,0.8542
2024-09-30,Step-Down,48,10,10,0,13,38,0.7917
2024-10-01,Step-Down,48,9,9,0,16,31,0.6458
2024-10-02,Step-Down,48,12,12,0,7,36,0.75
2024-10-03,Step-Down,48,15,15,0,9,42,0.875
2024-10-04,Step-Down,48,10,10,0,9,43,0.8958
2024-10-05,Step-Down,48,6,6,0,15,34,0.7083
2024-10-06,Step-Down,48,7,7,0,12,29,0.6042
2024-10-07,Step-Down,48,14,14,0,10,33,0.6875
2024-10-08,Step-Down,48,16,16,0,9,40,0.8333
2024-10-09,Step-Down,48,8,8,0,9,39,0.8125
2024-10-10,Step-Down,48,18,16,2,7,48,1.0
2024-10-11,Step-Down,48,7,7,0,9,46,0.9583
2024-10-12,Step-Down,48,10,10,0,11,45,0.9375
2024-10-13,Step-Down,48,7,7,0,12,40,0.8333
2024-10-14,Step-Down,48,11,11,0,11,40,0.8333
2024-10-15,Step-Down,48,7,7,0,13,34,0.7083
2024-10-16,Step-Down,48,14,14,0,6,42,0.875
2024-10-17,Step-Down,48,7,7,0,15,34,0.7083
2024-10-18,Step-Down,48,11,11,0,9,36,0.75
2024-10-19,Step-Down,48,8,8,0,13,31,0.6458
2024-10-20,Step-Down,48,9,9,0,9,31,0.6458
2024-10-21,Step-Down,48,16,16,0,12,35,0.7292
2024-10-22,Step-Down,48,11,11,0,9,37,0.7708
2024-10-23,Step-Down,48,8,8,0,13,32,0.6667
2024-10-24,Step-Down,48,7,7,0,5,34,0.7083
2024-10-25,Step-Down,48,14,14,0,13,35,0.7292
2024-10-26,Step-Down,48,11,11,0,8,38,0.7917
2024-10-27,Step-Down,48,13,13,0,9,42,0.875
2024-10-28,Step-Down,48,10,10,0,22,30,0.625
2024-10-29,Step-Down,48,15,15,0,9,36,0.75
2024-10-30,Step-Down,48,6,6,0,10,32,0.6667
2024-10-31,Step-Down,48,10,10,0,4,38,0.7917
2024-11-01,Step-Down,48,12,12,0,10,40,0.8333
2024-11-02,Step-Down,48,11,11,0,9,42,0.875
2024-11-03,Step-Down,48,7,7,0,10,39,0.8125
2024-11-04,Step-Down,48,12,12,0,14,37,0.7708
2024-11-05,Step-Down,48,10,10,0,18,29,0.6042
2024-11-06,Step-Down,48,14,14,0,6,37,0.7708
2024-11-07,Step-Down,48,7,7,0,11,33,0.6875
2024-11-08,Step-Down,48,9,9,0,8,34,0.7083
2024-11-09,Step-Down,48,14,14,0,8,40,0.8333
2024-11-10,Step-Down,48,10,10,0,14,36,0.75
2024-11-11,Step-Down,48,14,14,0,7,43,0.8958
2024-11-12,Step-Down,48,10,10,0,5,48,1.0
2024-11-13,Step-Down,48,17,17,0,17,48,1.0
2024-11-14,Step-Down,48,15,11,4,11,48,1.0
2024-11-15,Step-Down,48,11,11,0,11,48,1.0
2024-11-16,Step-Down,48,11,11,0,13,46,0.9583
2024-11-17,Step-Down,48,7,7,0,9,44,0.9167
2024-11-18,Step-Down,48,16,16,0,15,45,0.9375
2024-11-19,Step-Down,48,13,13,0,15,43,0.8958
2024-11-20,Step-Down,48,11,11,0,10,44,0.9167
2024-11-21,Step-Down,48,9,9,0,12,41,0.8542
2024-11-22,Step-Down,48,10,10,0,12,39,0.8125
2024-11-23,Step-Down,48,7,7,0,8,38,0.7917
2024-11-24,Step-Down,48,12,12,0,15,35,0.7292
2024-11-25,Step-Down,48,7,7,0,10,32,0.6667
2024-11-26,Step-Down,48,10,10,0,5,37,0.7708
2024-11-27,Step-Down,48,17,17,0,8,46,0.9583
2024-11-28,Step-Down,48,8,8,0,9,45,0.9375
2024-11-29,Step-Down,48,8,8,0,8,45,0.9375
2024-11-30,Step-Down,48,9,9,0,11,43,0.8958
2024-12-01,Step-Down,48,8,8,0,10,41,0.8542
2024-12-02,Step-Down,48,13,13,0,9,45,0.9375
2024-12-03,Step-Down,48,17,13,4,10,48,1.0
2024-12-04,Step-Down,48,17,11,6,11,48,1.0
2024-12-05,Step-Down,48,10,10,0,13,45,0.9375
2024-12-06,Step-Down,48,8,8,0,14,39,0.8125
2024-12-07,Step-Down,48,11,11,0,7,43,0.8958
2024-12-08,Step-Down,48,12,12,0,11,44,0.9167
2024-12-09,Step-Down,48,10,10,0,15,39,0.8125
2024-12-10,Step-Down,48,11,11,0,9,41,0.8542
2024-12-11,Step-Down,48,14,13,1,6,48,1.0
2024-12-12,Step-Down,48,14,12,2,12,48,1.0
2024-12-13,Step-Down,48,13,8,5,8,48,1.0
2024-12-14,Step-Down,48,15,15,0,15,48,1.0
2024-12-15,Step-Down,48,6,6,0,12,42,0.875
2024-12-16,Step-Down,48,23,19,4,13,48,1.0
2024-12-17,Step-Down,48,10,8,2,8,48,1.0
2024-12-18,Step-Down,48,9,9,0,14,43,0.8958
2024-12-19,Step-Down,48,19,18,1,13,48,1.0
2024-12-20,Step-Down,48,11,11,0,15,44,0.9167
2024-12-21,Step-Down,48,7,7,0,12,39,0.8125
2024-12-22,Step-Down,48,12,12,0,12,39,0.8125
2024-12-23,Step-Down,48,8,8,0,9,38,0.7917
2024-12-24,Step-Down,48,16,16,0,9,45,0.9375
2024-12-25,Step-Down,48,11,11,0,12,44,0.9167
2024-12-26,Step-Down,48,16,14,2,10,48,1.0
2024-12-27,Step-Down,48,15,9,6,9,48,1.0
2024-12-28,Step-Down,48,13,11,2,11,48,1.0
2024-12-29,Step-Down,48,18,15,3,15,48,1.0
2024-12-30,Step-Down,48,20,15,5,15,48,1.0
2024-12-31,Step-Down,48,13,13,0,13,48,1.0
2025-01-01,Step-Down,48,13,13,0,14,47,0.9792
2025-01-02,Step-Down,48,15,14,1,13,48,1.0
2025-01-03,Step-Down,48,10,10,0,13,45,0.9375
2025-01-04,Step-Down,48,19,16,3,13,48,1.0
2025-01-05,Step-Down,48,11,10,1,10,48,1.0
2025-01-06,Step-Down,48,9,8,1,8,48,1.0
2025-01-07,Step-Down,48,16,15,1,15,48,1.0
2025-01-08,Step-Down,48,17,11,6,11,48,1.0
2025-01-09,Step-Down,48,11,11,0,18,41,0.8542
2025-01-10,Step-Down,48,11,11,0,6,46,0.9583
2025-01-11,Step-Down,48,11,11,0,11,46,0.9583
2025-01-12,Step-Down,48,17,11,6,9,48,1.0
2025-01-13,Step-Down,48,18,9,9,9,48,1.0
2025-01-14,Step-Down,48,12,11,1,11,48,1.0
2025-01-15,Step-Down,48,20,10,10,10,48,1.0
2025-01-16,Step-Down,48,11,11,0,14,45,0.9375
2025-01-17,Step-Down,48,7,7,0,12,40,0.8333
2025-01-18,Step-Down,48,16,16,0,14,42,0.875
2025-01-19,Step-Down,48,15,15,0,10,47,0.9792
2025-01-20,Step-Down,48,18,17,1,16,48,1.0
2025-01-21,Step-Down,48,6,6,0,9,45,0.9375
2025-01-22,Step-Down,48,16,16,0,17,44,0.9167
2025-01-23,Step-Down,48,19,14,5,10,48,1.0
2025-01-24,Step-Down,48,13,13,0,15,46,0.9583
2025-01-25,Step-Down,48,14,14,0,13,47,0.9792
2025-01-26,Step-Down,48,15,12,3,11,48,1.0
2025-01-27,Step-Down,48,16,13,3,13,48,1.0
2025-01-28,Step-Down,48,13,13,0,17,44,0.9167
2025-01-29,Step-Down,48,14,14,0,12,46,0.9583
2025-01-30,Step-Down,48,17,15,2,13,48,1.0
2025-01-31,Step-Down,48,9,9,0,13,44,0.9167
2025-02-01,Step-Down,48,11,10,1,6,48,1.0
2025-02-02,Step-Down,48,12,12,0,14,46,0.9583
2025-02-03,Step-Down,48,15,10,5,8,48,1.0
2025-02-04,Step-Down,48,11,11,0,12,47,0.9792
2025-02-05,Step-Down,48,16,11,5,10,48,1.0
2025-02-06,Step-Down,48,12,12,0,13,47,0.9792
2025-02-07,Step-Down,48,11,11,0,13,45,0.9375
2025-02-08,Step-Down,48,11,11,0,8,48,1.0
2025-02-09,Step-Down,48,13,10,3,10,48,1.0
2025-02-10,Step-Down,48,19,10,9,10,48,1.0
2025-02-11,Step-Down,48,11,11,0,16,43,0.8958
2025-02-12,Step-Down,48,13,13,0,11,45,0.9375
2025-02-13,Step-Down,48,14,14,0,16,43,0.8958
2025-02-14,Step-Down,48,15,11,4,6,48,1.0
2025-02-15,Step-Down,48,9,9,0,11,46,0.9583
2025-02-16,Step-Down,48,15,15,0,14,47,0.9792
2025-02-17,Step-Down,48,14,12,2,11,48,1.0
2025-02-18,Step-Down,48,11,11,0,18,41,0.8542
2025-02-19,Step-Down,48,14,14,0,12,43,0.8958
2025-02-20,Step-Down,48,15,15,0,10,48,1.0
2025-02-21,Step-Down,48,11,6,5,6,48,1.0
2025-02-22,Step-Down,48,11,11,0,19,40,0.8333
2025-02-23,Step-Down,48,16,16,0,8,48,1.0
2025-02-24,Step-Down,48,19,9,10,9,48,1.0
2025-02-25,Step-Down,48,11,11,0,11,48,1.0
2025-02-26,Step-Down,48,10,10,0,20,38,0.7917
2025-02-27,Step-Down,48,13,13,0,6,45,0.9375
2025-02-28,Step-Down,48,12,12,0,9,48,1.0
2025-03-01,Step-Down,48,11,11,0,16,43,0.8958
2025-03-02,Step-Down,48,9,9,0,9,43,0.8958
2025-03-03,Step-Down,48,14,14,0,11,46,0.9583
2025-03-04,Step-Down,48,11,11,0,9,48,1.0
2025-03-05,Step-Down,48,16,11,5,11,48,1.0
2025-03-06,Step-Down,48,8,8,0,13,43,0.8958
2025-03-07,Step-Down,48,6,6,0,7,42,0.875
2025-03-08,Step-Down,48,12,12,0,15,39,0.8125
2025-03-09,Step-Down,48,8,8,0,9,38,0.7917
2025-03-10,Step-Down,48,7,7,0,12,33,0.6875
2025-03-11,Step-Down,48,10,10,0,8,35,0.7292
2025-03-12,Step-Down,48,11,11,0,10,36,0.75
2025-03-13,Step-Down,48,8,8,0,12,32,0.6667
2025-03-14,Step-Down,48,18,18,0,8,42,0.875
2025-03-15,Step-Down,48,9,9,0,7,44,0.9167
2025-03-16,Step-Down,48,12,11,1,7,48,1.0
2025-03-17,Step-Down,48,9,9,0,12,45,0.9375
2025-03-18,Step-Down,48,12,12,0,12,45,0.9375
2025-03-19,Step-Down,48,13,13,0,12,46,0.9583
2025-03-20,Step-Down,48,11,11,0,15,42,0.875
2025-03-21,Step-Down,48,15,14,1,8,48,1.0
2025-03-22,Step-Down,48,6,6,0,12,42,0.875
2025-03-23,Step-Down,48,11,11,0,9,44,0.9167
2025-03-24,Step-Down,48,9,9,0,11,42,0.875
2025-03-25,Step-Down,48,17,16,1,10,48,1.0
2025-03-26,Step-Down,48,13,12,1,12,48,1.0
2025-03-27,Step-Down,48,12,12,0,12,48,1.0
2025-03-28,Step-Down,48,10,10,0,14,44,0.9167
2025-03-29,Step-Down,48,12,12,0,8,48,1.0
2025-03-30,Step-Down,48,11,10,1,10,48,1.0
2025-03-31,Step-Down,48,14,13,1,13,48,1.0
2025-04-01,Step-Down,48,10,10,0,10,48,1.0
2025-04-02,Step-Down,48,15,15,0,16,47,0.9792
2025-04-03,Step-Down,48,11,11,0,17,41,0.8542
2025-04-04,Step-Down,48,13,13,0,8,46,0.9583
2025-04-05,Step-Down,48,14,10,4,8,48,1.0
2025-04-06,Step-Down,48,12,12,0,19,41,0.8542
2025-04-07,Step-Down,48,13,13,0,9,45,0.9375
2025-04-08,Step-Down,48,13,13,0,10,48,1.0
2025-04-09,Step-Down,48,13,13,0,15,46,0.9583
2025-04-10,Step-Down,48,9,9,0,11,44,0.9167
2025-04-11,Step-Down,48,15,15,0,11,48,1.0
2025-04-12,Step-Down,48,6,6,0,10,44,0.9167
2025-04-13,Step-Down,48,8,8,0,15,37,0.7708
2025-04-14,Step-Down,48,16,16,0,14,39,0.8125
2025-04-15,Step-Down,48,14,14,0,6,47,0.9792
2025-04-16,Step-Down,48,11,5,6,4,48,1.0
2025-04-17,Step-Down,48,15,11,4,11,48,1.0
2025-04-18,Step-Down,48,17,11,6,11,48,1.0
2025-04-19,Step-Down,48,11,11,0,12,47,0.9792
2025-04-20,Step-Down,48,8,8,0,11,44,0.9167
2025-04-21,Step-Down,48,5,5,0,9,40,0.8333
2025-04-22,Step-Down,48,9,9,0,13,36,0.75
2025-04-23,Step-Down,48,9,9,0,8,37,0.7708
2025-04-24,Step-Down,48,10,10,0,13,34,0.7083
2025-04-25,Step-Down,48,14,14,0,9,39,0.8125
2025-04-26,Step-Down,48,6,6,0,11,34,0.7083
2025-04-27,Step-Down,48,17,17,0,7,44,0.9167
2025-04-28,Step-Down,48,13,13,0,12,45,0.9375
2025-04-29,Step-Down,48,14,14,0,12,47,0.9792
2025-04-30,Step-Down,48,9,9,0,9,47,0.9792
2025-05-01,Step-Down,48,9,9,0,18,38,0.7917
2025-05-02,Step-Down,48,15,15,0,10,43,0.8958
2025-05-03,Step-Down,48,4,4,0,11,36,0.75
2025-05-04,Step-Down,48,21,17,4,5,48,1.0
2025-05-05,Step-Down,48,9,9,0,14,43,0.8958
2025-05-06,Step-Down,48,7,7,0,10,40,0.8333
2025-05-07,Step-Down,48,10,10,0,11,39,0.8125
2025-05-08,Step-Down,48,7,7,0,12,34,0.7083
2025-05-09,Step-Down,48,10,10,0,6,38,0.7917
2025-05-10,Step-Down,48,8,8,0,12,34,0.7083
2025-05-11,Step-Down,48,9,9,0,6,37,0.7708
2025-05-12,Step-Down,48,9,9,0,12,34,0.7083
2025-05-13,Step-Down,48,13,13,0,8,39,0.8125
2025-05-14,Step-Down,48,11,11,0,8,42,0.875
2025-05-15,Step-Down,48,16,13,3,7,48,1.0
2025-05-16,Step-Down,48,10,10,0,14,44,0.9167
2025-05-17,Step-Down,48,11,11,0,14,41,0.8542
2025-05-18,Step-Down,48,13,13,0,15,39,0.8125
2025-05-19,Step-Down,48,10,10,0,12,37,0.7708
2025-05-20,Step-Down,48,8,8,0,10,35,0.7292
2025-05-21,Step-Down,48,5,5,0,10,30,0.625
2025-05-22,Step-Down,48,17,17,0,6,41,0.8542
2025-05-23,Step-Down,48,3,3,0,5,39,0.8125
2025-05-24,Step-Down,48,13,13,0,16,36,0.75
2025-05-25,Step-Down,48,10,10,0,9,37,0.7708
2025-05-26,Step-Down,48,7,7,0,7,37,0.7708
2025-05-27,Step-Down,48,8,8,0,11,34,0.7083
2025-05-28,Step-Down,48,13,13,0,5,42,0.875
2025-05-29,Step-Down,48,10,10,0,7,45,0.9375
2025-05-30,Step-Down,48,9,9,0,17,37,0.7708
2025-05-31,Step-Down,48,10,10,0,11,36,0.75
2025-06-01,Step-Down,48,8,8,0,11,33,0.6875
2025-06-02,Step-Down,48,13,13,0,10,36,0.75
2025-06-03,Step-Down,48,9,9,0,6,39,0.8125
2025-06-04,Step-Down,48,9,9,0,8,40,0.8333
2025-06-05,Step-Down,48,10,10,0,9,41,0.8542
2025-06-06,Step-Down,48,11,11,0,17,35,0.7292
2025-06-07,Step-Down,48,11,11,0,9,37,0.7708
2025-06-08,Step-Down,48,10,10,0,13,34,0.7083
2025-06-09,Step-Down,48,10,10,0,9,35,0.7292
2025-06-10,Step-Down,48,12,12,0,12,35,0.7292
2025-06-11,Step-Down,48,10,10,0,12,33,0.6875
2025-06-12,Step-Down,48,8,8,0,12,29,0.6042
2025-06-13,Step-Down,48,9,9,0,3,35,0.7292
2025-06-14,Step-Down,48,6,6,0,8,33,0.6875
2025-06-15,Step-Down,48,10,10,0,12,31,0.6458
2025-06-16,Step-Down,48,8,8,0,3,36,0.75
2025-06-17,Step-Down,48,11,11,0,12,35,0.7292
2025-06-18,Step-Down,48,10,10,0,9,36,0.75
2025-06-19,Step-Down,48,9,9,0,7,38,0.7917
2025-06-20,Step-Down,48,6,6,0,13,31,0.6458
2025-06-21,Step-Down,48,5,5,0,9,27,0.5625
2025-06-22,Step-Down,48,10,10,0,12,25,0.5208
2025-06-23,Step-Down,48,9,9,0,7,27,0.5625
2025-06-24,Step-Down,48,10,10,0,7,30,0.625
2025-06-25,Step-Down,48,11,11,0,6,35,0.7292
2025-06-26,Step-Down,48,11,11,0,9,37,0.7708
2025-06-27,Step-Down,48,7,7,0,10,34,0.7083
2025-06-28,Step-Down,48,6,6,0,12,28,0.5833
2025-06-29,Step-Down,48,6,6,0,7,27,0.5625
2025-06-30,Step-Down,48,4,4,0,7,24,0.5
2025-07-01,Step-Down,48,11,11,0,5,30,0.625
2025-07-02,Step-Down,48,8,8,0,8,30,0.625
2025-07-03,Step-Down,48,8,8,0,11,27,0.5625
2025-07-04,Step-Down,48,10,10,0,6,31,0.6458
2025-07-05,Step-Down,48,4,4,0,10,25,0.5208
2025-07-06,Step-Down,48,9,9,0,5,29,0.6042
2025-07-07,Step-Down,48,15,15,0,7,37,0.7708
2025-07-08,Step-Down,48,12,12,0,8,41,0.8542
2025-07-09,Step-Down,48,10,10,0,5,46,0.9583
2025-07-10,Step-Down,48,5,5,0,14,37,0.7708
2025-07-11,Step-Down,48,17,17,0,6,48,1.0
2025-07-12,Step-Down,48,14,7,7,7,48,1.0
2025-07-13,Step-Down,48,7,7,0,12,43,0.8958
2025-07-14,Step-Down,48,12,12,0,9,46,0.9583
2025-07-15,Step-Down,48,5,5,0,14,37,0.7708
2025-07-16,Step-Down,48,12,12,0,10,39,0.8125
2025-07-17,Step-Down,48,9,9,0,10,38,0.7917
2025-07-18,Step-Down,48,12,12,0,8,42,0.875
2025-07-19,Step-Down,48,12,12,0,9,45,0.9375
2025-07-20,Step-Down,48,4,4,0,11,38,0.7917
2025-07-21,Step-Down,48,13,13,0,9,42,0.875
2025-07-22,Step-Down,48,10,10,0,12,40,0.8333
2025-07-23,Step-Down,48,8,8,0,7,41,0.8542
2025-07-24,Step-Down,48,9,9,0,6,44,0.9167
2025-07-25,Step-Down,48,6,6,0,13,37,0.7708
2025-07-26,Step-Down,48,3,3,0,9,31,0.6458
2025-07-27,Step-Down,48,7,7,0,7,31,0.6458
2025-07-28,Step-Down,48,9,9,0,8,32,0.6667
2025-07-29,Step-Down,48,15,15,0,10,37,0.7708
2025-07-30,Step-Down,48,12,12,0,6,43,0.8958
2025-07-31,Step-Down,48,6,6,0,10,39,0.8125
2025-08-01,Step-Down,48,14,14,0,8,45,0.9375
2025-08-02,Step-Down,48,7,7,0,13,39,0.8125
2025-08-03,Step-Down,48,5,5,0,11,33,0.6875
2025-08-04,Step-Down,48,4,4,0,13,24,0.5
2025-08-05,Step-Down,48,13,13,0,6,31,0.6458
2025-08-06,Step-Down,48,11,11,0,7,35,0.7292
2025-08-07,Step-Down,48,11,11,0,6,40,0.8333
2025-08-08,Step-Down,48,10,10,0,9,41,0.8542
2025-08-09,Step-Down,48,3,3,0,12,32,0.6667
2025-08-10,Step-Down,48,9,9,0,8,33,0.6875
2025-08-11,Step-Down,48,10,10,0,6,37,0.7708
2025-08-12,Step-Down,48,10,10,0,9,38,0.7917
2025-08-13,Step-Down,48,12,12,0,14,36,0.75
2025-08-14,Step-Down,48,11,11,0,2,45,0.9375
2025-08-15,Step-Down,48,10,10,0,10,45,0.9375
2025-08-16,Step-Down,48,8,7,1,4,48,1.0
2025-08-17,Step-Down,48,18,11,7,11,48,1.0
2025-08-18,Step-Down,48,16,12,4,12,48,1.0
2025-08-19,Step-Down,48,12,12,0,15,45,0.9375
2025-08-20,Step-Down,48,11,11,0,12,44,0.9167
2025-08-21,Step-Down,48,7,7,0,8,43,0.8958
2025-08-22,Step-Down,48,8,8,0,8,43,0.8958
2025-08-23,Step-Down,48,6,6,0,14,35,0.7292
2025-08-24,Step-Down,48,11,11,0,13,33,0.6875
2025-08-25,Step-Down,48,11,11,0,8,36,0.75
2025-08-26,Step-Down,48,14,14,0,11,39,0.8125
2025-08-27,Step-Down,48,13,13,0,12,40,0.8333
2025-08-28,Step-Down,48,11,11,0,11,40,0.8333
2025-08-29,Step-Down,48,12,12,0,8,44,0.9167
2025-08-30,Step-Down,48,8,8,0,14,38,0.7917
2025-08-31,Step-Down,48,9,9,0,11,36,0.75
2025-09-01,Step-Down,48,16,16,0,11,41,0.8542
2025-09-02,Step-Down,48,10,10,0,10,41,0.8542
2025-09-03,Step-Down,48,12,12,0,12,41,0.8542
2025-09-04,Step-Down,48,7,7,0,12,36,0.75
2025-09-05,Step-Down,48,15,15,0,10,41,0.8542
2025-09-06,Step-Down,48,7,7,0,6,42,0.875
2025-09-07,Step-Down,48,14,14,0,8,48,1.0
2025-09-08,Step-Down,48,4,4,0,19,33,0.6875
2025-09-09,Step-Down,48,10,10,0,4,39,0.8125
2025-09-10,Step-Down,48,9,9,0,11,37,0.7708
2025-09-11,Step-Down,48,12,12,0,7,42,0.875
2025-09-12,Step-Down,48,7,7,0,6,43,0.8958
2025-09-13,Step-Down,48,8,8,0,14,37,0.7708
2025-09-14,Step-Down,48,9,9,0,6,40,0.8333
2025-09-15,Step-Down,48,10,10,0,16,34,0.7083
2025-09-16,Step-Down,48,11,11,0,8,37,0.7708
2025-09-17,Step-Down,48,10,10,0,11,36,0.75
2025-09-18,Step-Down,48,8,8,0,9,35,0.7292
2025-09-19,Step-Down,48,8,8,0,17,26,0.5417
2025-09-20,Step-Down,48,3,3,0,6,23,0.4792
2025-09-21,Step-Down,48,10,10,0,5,28,0.5833
2025-09-22,Step-Down,48,5,5,0,8,25,0.5208
2025-09-23,Step-Down,48,11,11,0,5,31,0.6458
2025-09-24,Step-Down,48,15,15,0,10,36,0.75
2025-09-25,Step-Down,48,8,8,0,14,30,0.625
2025-09-26,Step-Down,48,11,11,0,9,32,0.6667
2025-09-27,Step-Down,48,8,8,0,10,30,0.625
2025-09-28,Step-Down,48,5,5,0,12,23,0.4792
2025-09-29,Step-Down,48,8,8,0,4,27,0.5625
2025-09-30,Step-Down,48,11,11,0,6,32,0.6667
2025-10-01,Step-Down,48,9,9,0,10,31,0.6458
2025-10-02,Step-Down,48,8,8,0,12,27,0.5625
2025-10-03,Step-Down,48,5,5,0,8,24,0.5
2025-10-04,Step-Down,48,7,7,0,7,24,0.5
2025-10-05,Step-Down,48,5,5,0,13,16,0.3333
2025-10-06,Step-Down,48,9,9,0,4,21,0.4375
2025-10-07,Step-Down,48,14,14,0,6,29,0.6042
2025-10-08,Step-Down,48,14,14,0,6,37,0.7708
2025-10-09,Step-Down,48,14,14,0,8,43,0.8958
2025-10-10,Step-Down,48,13,13,0,10,46,0.9583
2025-10-11,Step-Down,48,8,8,0,9,45,0.9375
2025-10-12,Step-Down,48,5,5,0,17,33,0.6875
2025-10-13,Step-Down,48,11,11,0,9,35,0.7292
2025-10-14,Step-Down,48,9,9,0,7,37,0.7708
2025-10-15,Step-Down,48,10,10,0,13,34,0.7083
2025-10-16,Step-Down,48,19,19,0,10,43,0.8958
2025-10-17,Step-Down,48,9,9,0,6,46,0.9583
2025-10-18,Step-Down,48,7,7,0,12,41,0.8542
2025-10-19,Step-Down,48,12,12,0,12,41,0.8542
2025-10-20,Step-Down,48,9,9,0,15,35,0.7292
2025-10-21,Step-Down,48,10,10,0,8,37,0.7708
2025-10-22,Step-Down,48,14,14,0,13,38,0.7917
2025-10-23,Step-Down,48,13,13,0,10,41,0.8542
2025-10-24,Step-Down,48,10,10,0,11,40,0.8333
2025-10-25,Step-Down,48,8,8,0,14,34,0.7083
2025-10-26,Step-Down,48,12,12,0,9,37,0.7708
2025-10-27,Step-Down,48,16,16,0,8,45,0.9375
2025-10-28,Step-Down,48,14,14,0,14,45,0.9375
2025-10-29,Step-Down,48,12,12,0,15,42,0.875
2025-10-30,Step-Down,48,6,6,0,6,42,0.875
2025-10-31,Step-Down,48,6,6,0,10,38,0.7917
2025-11-01,Step-Down,48,12,12,0,13,37,0.7708
2025-11-02,Step-Down,48,11,11,0,8,40,0.8333
2025-11-03,Step-Down,48,7,7,0,13,34,0.7083
2025-11-04,Step-Down,48,18,18,0,13,39,0.8125
2025-11-05,Step-Down,48,16,16,0,7,48,1.0
2025-11-06,Step-Down,48,17,11,6,11,48,1.0
2025-11-07,Step-Down,48,4,4,0,12,40,0.8333
2025-11-08,Step-Down,48,12,12,0,9,43,0.8958
2025-11-09,Step-Down,48,20,15,5,10,48,1.0
2025-11-10,Step-Down,48,13,9,4,9,48,1.0
2025-11-11,Step-Down,48,10,10,0,13,45,0.9375
2025-11-12,Step-Down,48,12,12,0,13,44,0.9167
2025-11-13,Step-Down,48,15,15,0,15,44,0.9167
2025-11-14,Step-Down,48,9,9,0,11,42,0.875
2025-11-15,Step-Down,48,9,9,0,13,38,0.7917
2025-11-16,Step-Down,48,13,13,0,7,44,0.9167
2025-11-17,Step-Down,48,11,11,0,11,44,0.9167
2025-11-18,Step-Down,48,15,15,0,11,48,1.0
2025-11-19,Step-Down,48,12,10,2,10,48,1.0
2025-11-20,Step-Down,48,17,14,3,14,48,1.0
2025-11-21,Step-Down,48,11,11,0,11,48,1.0
2025-11-22,Step-Down,48,18,10,8,10,48,1.0
2025-11-23,Step-Down,48,6,6,0,13,41,0.8542
2025-11-24,Step-Down,48,11,11,0,6,46,0.9583
2025-11-25,Step-Down,48,16,15,1,13,48,1.0
2025-11-26,Step-Down,48,7,7,0,13,42,0.875
2025-11-27,Step-Down,48,14,14,0,12,44,0.9167
2025-11-28,Step-Down,48,16,15,1,11,48,1.0
2025-11-29,Step-Down,48,10,9,1,9,48,1.0
2025-11-30,Step-Down,48,15,9,6,9,48,1.0
2025-12-01,Step-Down,48,8,8,0,20,36,0.75
2025-12-02,Step-Down,48,9,9,0,8,37,0.7708
2025-12-03,Step-Down,48,22,18,4,7,48,1.0
2025-12-04,Step-Down,48,16,8,8,8,48,1.0
2025-12-05,Step-Down,48,10,10,0,12,46,0.9583
2025-12-06,Step-Down,48,17,13,4,11,48,1.0
2025-12-07,Step-Down,48,19,17,2,17,48,1.0
2025-12-08,Step-Down,48,20,8,12,8,48,1.0
2025-12-09,Step-Down,48,20,20,0,22,46,0.9583
2025-12-10,Step-Down,48,14,10,4,8,48,1.0
2025-12-11,Step-Down,48,15,11,4,11,48,1.0
2025-12-12,Step-Down,48,11,8,3,8,48,1.0
2025-12-13,Step-Down,48,23,15,8,15,48,1.0
2025-12-14,Step-Down,48,16,7,9,7,48,1.0
2025-12-15,Step-Down,48,18,14,4,14,48,1.0
2025-12-16,Step-Down,48,10,10,0,16,42,0.875
2025-12-17,Step-Down,48,3,3,0,9,36,0.75
2025-12-18,Step-Down,48,22,22,0,13,45,0.9375
2025-12-19,Step-Down,48,18,11,7,8,48,1.0
2025-12-20,Step-Down,48,15,14,1,14,48,1.0
2025-12-21,Step-Down,48,11,11,0,12,47,0.9792
2025-12-22,Step-Down,48,11,11,0,14,44,0.9167
2025-12-23,Step-Down,48,16,15,1,11,48,1.0
2025-12-24,Step-Down,48,15,14,1,14,48,1.0
2025-12-25,Step-Down,48,15,9,6,9,48,1.0
2025-12-26,Step-Down,48,9,9,0,13,44,0.9167
2025-12-27,Step-Down,48,8,8,0,7,45,0.9375
2025-12-28,Step-Down,48,17,13,4,10,48,1.0
2025-12-29,Step-Down,48,12,12,0,17,43,0.8958
2025-12-30,Step-Down,48,16,14,2,9,48,1.0
2025-12-31,Step-Down,48,18,15,3,15,48,1.0
2026-01-01,Step-Down,48,15,11,4,11,48,1.0
2026-01-02,Step-Down,48,12,8,4,8,48,1.0
2026-01-03,Step-Down,48,13,13,0,14,47,0.9792
2026-01-04,Step-Down,48,15,12,3,11,48,1.0
2026-01-05,Step-Down,48,17,13,4,13,48,1.0
2026-01-06,Step-Down,48,12,12,0,14,46,0.9583
2026-01-07,Step-Down,48,14,14,0,13,47,0.9792
2026-01-08,Step-Down,48,13,11,2,10,48,1.0
2026-01-09,Step-Down,48,7,7,0,10,45,0.9375
2026-01-10,Step-Down,48,15,14,1,11,48,1.0
2026-01-11,Step-Down,48,16,13,3,13,48,1.0
2026-01-12,Step-Down,48,15,14,1,14,48,1.0
2026-01-13,Step-Down,48,16,16,0,16,48,1.0
2026-01-14,Step-Down,48,12,11,1,11,48,1.0
2026-01-15,Step-Down,48,10,10,0,15,43,0.8958
2026-01-16,Step-Down,48,15,15,0,11,47,0.9792
2026-01-17,Step-Down,48,16,11,5,10,48,1.0
2026-01-18,Step-Down,48,4,4,0,7,45,0.9375
2026-01-19,Step-Down,48,9,9,0,13,41,0.8542
2026-01-20,Step-Down,48,12,12,0,16,37,0.7708
2026-01-21,Step-Down,48,11,11,0,7,41,0.8542
2026-01-22,Step-Down,48,7,7,0,12,36,0.75
2026-01-23,Step-Down,48,22,22,0,11,47,0.9792
2026-01-24,Step-Down,48,10,10,0,11,46,0.9583
2026-01-25,Step-Down,48,6,6,0,7,45,0.9375
2026-01-26,Step-Down,48,12,12,0,11,46,0.9583
2026-01-27,Step-Down,48,19,11,8,9,48,1.0
2026-01-28,Step-Down,48,19,15,4,15,48,1.0
2026-01-29,Step-Down,48,12,12,0,13,47,0.9792
2026-01-30,Step-Down,48,15,15,0,16,46,0.9583
2026-01-31,Step-Down,48,9,9,0,14,41,0.8542
2026-02-01,Step-Down,48,13,13,0,8,46,0.9583
2026-02-02,Step-Down,48,9,9,0,10,45,0.9375
2026-02-03,Step-Down,48,14,11,3,8,48,1.0
2026-02-04,Step-Down,48,5,5,0,16,37,0.7708
2026-02-05,Step-Down,48,13,13,0,13,37,0.7708
2026-02-06,Step-Down,48,15,15,0,15,37,0.7708
2026-02-07,Step-Down,48,12,12,0,6,43,0.8958
2026-02-08,Step-Down,48,13,13,0,8,48,1.0
2026-02-09,Step-Down,48,10,9,1,9,48,1.0
2026-02-10,Step-Down,48,12,11,1,11,48,1.0
2026-02-11,Step-Down,48,11,11,0,15,44,0.9167
2026-02-12,Step-Down,48,11,11,0,14,41,0.8542
2026-02-13,Step-Down,48,18,18,0,12,47,0.9792
2026-02-14,Step-Down,48,14,12,2,11,48,1.0
2026-02-15,Step-Down,48,9,9,0,12,45,0.9375
2026-02-16,Step-Down,48,9,9,0,10,44,0.9167
2026-02-17,Step-Down,48,13,13,0,16,41,0.8542
2026-02-18,Step-Down,48,11,11,0,11,41,0.8542
2026-02-19,Step-Down,48,8,8,0,11,38,0.7917
2026-02-20,Step-Down,48,5,5,0,9,34,0.7083
2026-02-21,Step-Down,48,9,9,0,10,33,0.6875
2026-02-22,Step-Down,48,5,5,0,4,34,0.7083
2026-02-23,Step-Down,48,8,8,0,9,33,0.6875
2026-02-24,Step-Down,48,12,12,0,10,35,0.7292
2026-02-25,Step-Down,48,12,12,0,11,36,0.75
2026-02-26,Step-Down,48,19,19,0,12,43,0.8958
2026-02-27,Step-Down,48,15,10,5,5,48,1.0
2026-02-28,Step-Down,48,10,10,0,13,45,0.9375
2026-03-01,Step-Down,48,14,14,0,15,44,0.9167
2026-03-02,Step-Down,48,13,13,0,14,43,0.8958
2026-03-03,Step-Down,48,14,14,0,11,46,0.9583
2026-03-04,Step-Down,48,10,10,0,14,42,0.875
2026-03-05,Step-Down,48,15,15,0,15,42,0.875
2026-03-06,Step-Down,48,18,17,1,11,48,1.0
2026-03-07,Step-Down,48,12,9,3,9,48,1.0
2026-03-08,Step-Down,48,7,7,0,13,42,0.875
2026-03-09,Step-Down,48,17,13,4,7,48,1.0
2026-03-10,Step-Down,48,8,8,0,12,44,0.9167
2026-03-11,Step-Down,48,14,14,0,13,45,0.9375
2026-03-12,Step-Down,48,12,12,0,13,44,0.9167
2026-03-13,Step-Down,48,12,12,0,12,44,0.9167
2026-03-14,Step-Down,48,10,10,0,8,46,0.9583
2026-03-15,Step-Down,48,12,12,0,10,48,1.0
2026-03-16,Step-Down,48,12,12,0,16,44,0.9167
2026-03-17,Step-Down,48,11,11,0,13,42,0.875
2026-03-18,Step-Down,48,20,19,1,13,48,1.0
2026-03-19,Step-Down,48,16,13,3,13,48,1.0
2026-03-20,Step-Down,48,4,4,0,11,41,0.8542
2026-03-21,Step-Down,48,13,13,0,13,41,0.8542
2026-03-22,Step-Down,48,16,16,0,12,45,0.9375
2026-03-23,Step-Down,48,6,6,0,10,41,0.8542
2026-03-24,Step-Down,48,12,12,0,8,45,0.9375
2026-03-25,Step-Down,48,13,13,0,15,43,0.8958
2026-03-26,Step-Down,48,13,13,0,10,46,0.9583
2026-03-27,Step-Down,48,11,11,0,16,41,0.8542
2026-03-28,Step-Down,48,12,12,0,9,44,0.9167
2026-03-29,Step-Down,48,10,10,0,10,44,0.9167
2026-03-30,Step-Down,48,17,17,0,16,45,0.9375
2026-03-31,Step-Down,48,20,16,4,13,48,1.0
2026-04-01,Step-Down,48,10,8,2,8,48,1.0
2026-04-02,Step-Down,48,13,13,0,22,39,0.8125
2026-04-03,Step-Down,48,8,8,0,10,37,0.7708
2026-04-04,Step-Down,48,10,10,0,5,42,0.875
2026-04-05,Step-Down,48,6,6,0,13,35,0.7292
2026-04-06,Step-Down,48,13,13,0,6,42,0.875
2026-04-07,Step-Down,48,8,8,0,12,38,0.7917
2026-04-08,Step-Down,48,14,14,0,9,43,0.8958
2026-04-09,Step-Down,48,8,8,0,15,36,0.75
2026-04-10,Step-Down,48,12,12,0,7,41,0.8542
2026-04-11,Step-Down,48,15,14,1,7,48,1.0
2026-04-12,Step-Down,48,13,10,3,10,48,1.0
2026-04-13,Step-Down,48,8,8,0,15,41,0.8542
2026-04-14,Step-Down,48,13,13,0,7,47,0.9792
2026-04-15,Step-Down,48,10,9,1,8,48,1.0
2026-04-16,Step-Down,48,10,10,0,15,43,0.8958
2026-04-17,Step-Down,48,15,15,0,14,44,0.9167
2026-04-18,Step-Down,48,4,4,0,11,37,0.7708
2026-04-19,Step-Down,48,8,8,0,12,33,0.6875
2026-04-20,Step-Down,48,13,13,0,9,37,0.7708
2026-04-21,Step-Down,48,14,14,0,12,39,0.8125
2026-04-22,Step-Down,48,9,9,0,6,42,0.875
2026-04-23,Step-Down,48,4,4,0,4,42,0.875
2026-04-24,Step-Down,48,9,9,0,15,36,0.75
2026-04-25,Step-Down,48,11,11,0,9,38,0.7917
2026-04-26,Step-Down,48,10,10,0,12,36,0.75
2026-04-27,Step-Down,48,14,14,0,7,43,0.8958
2026-04-28,Step-Down,48,5,5,0,8,40,0.8333
2026-04-29,Step-Down,48,10,10,0,11,39,0.8125
2026-04-30,Step-Down,48,19,19,0,11,47,0.9792
2026-05-01,Step-Down,48,7,7,0,11,43,0.8958
2026-05-02,Step-Down,48,15,13,2,8,48,1.0
2026-05-03,Step-Down,48,12,12,0,12,48,1.0
2026-05-04,Step-Down,48,16,13,3,13,48,1.0
2026-05-05,Step-Down,48,10,10,0,13,45,0.9375
2026-05-06,Step-Down,48,12,12,0,12,45,0.9375
2026-05-07,Step-Down,48,6,6,0,12,39,0.8125
2026-05-08,Step-Down,48,12,12,0,11,40,0.8333
2026-05-09,Step-Down,48,13,13,0,13,40,0.8333
2026-05-10,Step-Down,48,9,9,0,5,44,0.9167
2026-05-11,Step-Down,48,12,11,1,7,48,1.0
2026-05-12,Step-Down,48,20,16,4,16,48,1.0
2026-05-13,Step-Down,48,14,12,2,12,48,1.0
2026-05-14,Step-Down,48,18,9,9,9,48,1.0
2026-05-15,Step-Down,48,12,12,0,12,48,1.0
2026-05-16,Step-Down,48,8,7,1,7,48,1.0
2026-05-17,Step-Down,48,10,10,0,19,39,0.8125
2026-05-18,Step-Down,48,8,8,0,7,40,0.8333
2026-05-19,Step-Down,48,5,5,0,8,37,0.7708
2026-05-20,Step-Down,48,7,7,0,14,30,0.625
2026-05-21,Step-Down,48,16,16,0,8,38,0.7917
2026-05-22,Step-Down,48,12,12,0,14,36,0.75
2026-05-23,Step-Down,48,10,10,0,10,36,0.75
2026-05-24,Step-Down,48,4,4,0,14,26,0.5417
2026-05-25,Step-Down,48,12,12,0,6,32,0.6667
2026-05-26,Step-Down,48,9,9,0,7,34,0.7083
2026-05-27,Step-Down,48,16,16,0,12,38,0.7917
2026-05-28,Step-Down,48,9,9,0,6,41,0.8542
2026-05-29,Step-Down,48,10,10,0,7,44,0.9167
2026-05-30,Step-Down,48,7,7,0,11,40,0.8333
2026-05-31,Step-Down,48,6,6,0,9,37,0.7708
2026-06-01,Step-Down,48,12,12,0,8,41,0.8542
2026-06-02,Step-Down,48,13,13,0,8,46,0.9583
2026-06-03,Step-Down,48,11,11,0,12,45,0.9375
2026-06-04,Step-Down,48,15,13,2,10,48,1.0
2026-06-05,Step-Down,48,4,4,0,11,41,0.8542
2026-06-06,Step-Down,48,6,6,0,16,31,0.6458
2026-06-07,Step-Down,48,7,7,0,8,30,0.625
2026-06-08,Step-Down,48,16,16,0,9,37,0.7708
2026-06-09,Step-Down,48,8,8,0,6,39,0.8125
2026-06-10,Step-Down,48,6,6,0,10,35,0.7292
2026-06-11,Step-Down,48,11,11,0,12,34,0.7083
2026-06-12,Step-Down,48,16,16,0,12,38,0.7917
2026-06-13,Step-Down,48,6,6,0,4,40,0.8333
2026-06-14,Step-Down,48,7,7,0,10,37,0.7708
2026-06-15,Step-Down,48,14,14,0,8,43,0.8958
2026-06-16,Step-Down,48,9,9,0,14,38,0.7917
2026-06-17,Step-Down,48,8,8,0,11,35,0.7292
2026-06-18,Step-Down,48,12,12,0,7,40,0.8333
2026-06-19,Step-Down,48,6,6,0,9,37,0.7708
2026-06-20,Step-Down,48,7,7,0,12,32,0.6667
2026-06-21,Step-Down,48,10,10,0,14,28,0.5833
2026-06-22,Step-Down,48,9,9,0,3,34,0.7083
2026-06-23,Step-Down,48,10,10,0,9,35,0.7292
2026-06-24,Step-Down,48,11,11,0,6,40,0.8333
2026-06-25,Step-Down,48,11,11,0,12,39,0.8125
2026-06-26,Step-Down,48,12,12,0,10,41,0.8542
2026-06-27,Step-Down,48,10,10,0,11,40,0.8333
2026-06-28,Step-Down,48,11,11,0,11,40,0.8333
2026-06-29,Step-Down,48,9,9,0,9,40,0.8333
2026-06-30,Step-Down,48,10,10,0,10,40,0.8333
2026-07-01,Step-Down,48,7,7,0,12,35,0.7292
2026-07-02,Step-Down,48,3,3,0,14,24,0.5
2026-07-03,Step-Down,48,5,5,0,9,20,0.4167
2026-07-04,Step-Down,48,8,8,0,8,20,0.4167
2026-07-05,Step-Down,48,6,6,0,7,19,0.3958
2026-07-06,Step-Down,48,11,11,0,3,27,0.5625
2026-07-07,Step-Down,48,10,10,0,8,29,0.6042
2026-07-08,Step-Down,48,5,5,0,8,26,0.5417
2026-07-09,Step-Down,48,11,11,0,6,31,0.6458
2026-07-10,Step-Down,48,7,7,0,4,34,0.7083
2026-07-11,Step-Down,48,5,5,0,8,31,0.6458
2026-07-12,Step-Down,48,11,11,0,10,32,0.6667
2026-07-13,Step-Down,48,16,16,0,9,39,0.8125
2026-07-14,Step-Down,48,10,10,0,10,39,0.8125
2026-07-15,Step-Down,48,13,13,0,12,40,0.8333
2026-07-16,Step-Down,48,7,7,0,12,35,0.7292
2026-07-17,Step-Down,48,9,9,0,11,33,0.6875
2026-07-18,Step-Down,48,6,6,0,8,31,0.6458
2026-07-19,Step-Down,48,7,7,0,15,23,0.4792
2026-07-20,Step-Down,48,11,11,0,5,29,0.6042
2026-07-21,Step-Down,48,8,8,0,3,34,0.7083
2026-07-22,Step-Down,48,9,9,0,10,33,0.6875
2026-07-23,Step-Down,48,8,8,0,10,31,0.6458
2026-07-24,Step-Down,48,10,10,0,10,31,0.6458
2026-07-25,Step-Down,48,9,9,0,8,32,0.6667
2026-07-26,Step-Down,48,8,8,0,13,27,0.5625
2026-07-27,Step-Down,48,13,13,0,7,33,0.6875
2026-07-28,Step-Down,48,5,5,0,4,34,0.7083
2026-07-29,Step-Down,48,6,6,0,7,33,0.6875
2026-07-30,Step-Down,48,11,11,0,13,31,0.6458
2026-07-31,Step-Down,48,18,18,0,12,37,0.7708
2026-08-01,Step-Down,48,15,15,0,7,45,0.9375
2026-08-02,Step-Down,48,2,2,0,10,37,0.7708
2026-08-03,Step-Down,48,14,14,0,13,38,0.7917
2026-08-04,Step-Down,48,14,14,0,12,40,0.8333
2026-08-05,Step-Down,48,10,10,0,11,39,0.8125
2026-08-06,Step-Down,48,5,5,0,9,35,0.7292
2026-08-07,Step-Down,48,7,7,0,11,31,0.6458
2026-08-08,Step-Down,48,7,7,0,9,29,0.6042
2026-08-09,Step-Down,48,7,7,0,11,25,0.5208
2026-08-10,Step-Down,48,12,12,0,4,33,0.6875
2026-08-11,Step-Down,48,12,12,0,10,35,0.7292
2026-08-12,Step-Down,48,6,6,0,8,33,0.6875
2026-08-13,Step-Down,48,10,10,0,10,33,0.6875
2026-08-14,Step-Down,48,8,8,0,8,33,0.6875
2026-08-15,Step-Down,48,10,10,0,7,36,0.75
2026-08-16,Step-Down,48,10,10,0,13,33,0.6875
2026-08-17,Step-Down,48,14,14,0,7,40,0.8333
2026-08-18,Step-Down,48,12,12,0,8,44,0.9167
2026-08-19,Step-Down,48,8,8,0,11,41,0.8542
2026-08-20,Step-Down,48,13,13,0,15,39,0.8125
2026-08-21,Step-Down,48,6,6,0,11,34,0.7083
2026-08-22,Step-Down,48,12,12,0,11,35,0.7292
2026-08-23,Step-Down,48,15,15,0,5,45,0.9375
2026-08-24,Step-Down,48,7,7,0,12,40,0.8333
2026-08-25,Step-Down,48,10,10,0,10,40,0.8333
2026-08-26,Step-Down,48,6,6,0,8,38,0.7917
2026-08-27,Step-Down,48,12,12,0,11,39,0.8125
2026-08-28,Step-Down,48,10,10,0,13,36,0.75
2026-08-29,Step-Down,48,9,9,0,6,39,0.8125
2026-08-30,Step-Down,48,6,6,0,11,34,0.7083
2026-08-31,Step-Down,48,12,12,0,8,38,0.7917
2026-09-01,Step-Down,48,13,13,0,7,44,0.9167
2026-09-02,Step-Down,48,7,7,0,14,37,0.7708
2026-09-03,Step-Down,48,12,12,0,8,41,0.8542
2026-09-04,Step-Down,48,11,11,0,10,42,0.875
2026-09-05,Step-Down,48,12,12,0,6,48,1.0
2026-09-06,Step-Down,48,5,5,0,18,35,0.7292
2026-09-07,Step-Down,48,19,19,0,13,41,0.8542
2026-09-08,Step-Down,48,11,11,0,8,44,0.9167
2026-09-09,Step-Down,48,11,11,0,9,46,0.9583
2026-09-10,Step-Down,48,10,10,0,8,48,1.0
2026-09-11,Step-Down,48,14,14,0,20,42,0.875
2026-09-12,Step-Down,48,5,5,0,12,35,0.7292
2026-09-13,Step-Down,48,10,10,0,13,32,0.6667
2026-09-14,Step-Down,48,11,11,0,11,32,0.6667
2026-09-15,Step-Down,48,13,13,0,4,41,0.8542
2026-09-16,Step-Down,48,6,6,0,12,35,0.7292
2026-09-17,Step-Down,48,6,6,0,13,28,0.5833
2026-09-18,Step-Down,48,13,13,0,10,31,0.6458
2026-09-19,Step-Down,48,11,11,0,7,35,0.7292
2026-09-20,Step-Down,48,9,9,0,4,40,0.8333
2026-09-21,Step-Down,48,8,8,0,11,37,0.7708
2026-09-22,Step-Down,48,8,8,0,11,34,0.7083
2026-09-23,Step-Down,48,7,7,0,7,34,0.7083
2026-09-24,Step-Down,48,20,20,0,12,42,0.875
2026-09-25,Step-Down,48,6,6,0,8,40,0.8333
2026-09-26,Step-Down,48,14,14,0,8,46,0.9583
2026-09-27,Step-Down,48,16,9,7,7,48,1.0
2026-09-28,Step-Down,48,15,14,1,14,48,1.0
2026-09-29,Step-Down,48,10,9,1,9,48,1.0
2026-09-30,Step-Down,48,12,12,0,14,46,0.9583
2023-01-01,Med-Surg,204,33,33,0,34,192,0.9412
2023-01-02,Med-Surg,204,54,47,7,35,204,1.0
2023-01-03,Med-Surg,204,43,43,0,43,204,1.0
2023-01-04,Med-Surg,204,34,34,0,42,196,0.9608
2023-01-05,Med-Surg,204,55,54,1,46,204,1.0
2023-01-06,Med-Surg,204,42,35,7,35,204,1.0
2023-01-07,Med-Surg,204,26,26,0,53,177,0.8676
2023-01-08,Med-Surg,204,31,31,0,31,177,0.8676
2023-01-09,Med-Surg,204,63,63,0,39,201,0.9853
2023-01-10,Med-Surg,204,56,38,18,35,204,1.0
2023-01-11,Med-Surg,204,55,43,12,43,204,1.0
2023-01-12,Med-Surg,204,37,37,0,38,203,0.9951
2023-01-13,Med-Surg,204,44,41,3,40,204,1.0
2023-01-14,Med-Surg,204,27,27,0,36,195,0.9559
2023-01-15,Med-Surg,204,30,30,0,47,178,0.8725
2023-01-16,Med-Surg,204,56,56,0,41,193,0.9461
2023-01-17,Med-Surg,204,56,49,7,38,204,1.0
2023-01-18,Med-Surg,204,48,48,0,50,202,0.9902
2023-01-19,Med-Surg,204,59,59,0,60,201,0.9853
2023-01-20,Med-Surg,204,42,42,0,47,196,0.9608
2023-01-21,Med-Surg,204,33,33,0,41,188,0.9216
2023-01-22,Med-Surg,204,32,32,0,44,176,0.8627
2023-01-23,Med-Surg,204,52,52,0,38,190,0.9314
2023-01-24,Med-Surg,204,21,21,0,42,169,0.8284
2023-01-25,Med-Surg,204,36,36,0,35,170,0.8333
2023-01-26,Med-Surg,204,42,42,0,43,169,0.8284
2023-01-27,Med-Surg,204,39,39,0,32,176,0.8627
2023-01-28,Med-Surg,204,31,31,0,33,174,0.8529
2023-01-29,Med-Surg,204,24,24,0,35,163,0.799
2023-01-30,Med-Surg,204,48,48,0,42,169,0.8284
2023-01-31,Med-Surg,204,44,44,0,35,178,0.8725
2023-02-01,Med-Surg,204,30,30,0,38,170,0.8333
2023-02-02,Med-Surg,204,49,49,0,40,179,0.8775
2023-02-03,Med-Surg,204,45,45,0,50,174,0.8529
2023-02-04,Med-Surg,204,37,37,0,42,169,0.8284
2023-02-05,Med-Surg,204,34,34,0,36,167,0.8186
2023-02-06,Med-Surg,204,28,28,0,27,168,0.8235
2023-02-07,Med-Surg,204,49,49,0,44,173,0.848
2023-02-08,Med-Surg,204,41,41,0,38,176,0.8627
2023-02-09,Med-Surg,204,52,52,0,35,193,0.9461
2023-02-10,Med-Surg,204,37,37,0,37,193,0.9461
2023-02-11,Med-Surg,204,24,24,0,36,181,0.8873
2023-02-12,Med-Surg,204,24,24,0,28,177,0.8676
2023-02-13,Med-Surg,204,36,36,0,38,175,0.8578
2023-02-14,Med-Surg,204,51,51,0,38,188,0.9216
2023-02-15,Med-Surg,204,34,34,0,41,181,0.8873
2023-02-16,Med-Surg,204,44,44,0,37,188,0.9216
2023-02-17,Med-Surg,204,39,39,0,32,195,0.9559
2023-02-18,Med-Surg,204,31,31,0,38,188,0.9216
2023-02-19,Med-Surg,204,38,38,0,32,194,0.951
2023-02-20,Med-Surg,204,40,40,0,43,191,0.9363
2023-02-21,Med-Surg,204,40,40,0,39,192,0.9412
2023-02-22,Med-Surg,204,33,33,0,49,176,0.8627
2023-02-23,Med-Surg,204,45,45,0,45,176,0.8627
2023-02-24,Med-Surg,204,36,36,0,41,171,0.8382
2023-02-25,Med-Surg,204,32,32,0,34,169,0.8284
2023-02-26,Med-Surg,204,35,35,0,43,161,0.7892
2023-02-27,Med-Surg,204,38,38,0,29,170,0.8333
2023-02-28,Med-Surg,204,45,45,0,35,180,0.8824
2023-03-01,Med-Surg,204,44,44,0,45,179,0.8775
2023-03-02,Med-Surg,204,42,42,0,30,191,0.9363
2023-03-03,Med-Surg,204,42,42,0,42,191,0.9363
2023-03-04,Med-Surg,204,27,27,0,41,177,0.8676
2023-03-05,Med-Surg,204,36,36,0,38,175,0.8578
2023-03-06,Med-Surg,204,44,44,0,35,184,0.902
2023-03-07,Med-Surg,204,47,47,0,42,189,0.9265
2023-03-08,Med-Surg,204,31,31,0,40,180,0.8824
2023-03-09,Med-Surg,204,43,43,0,41,182,0.8922
2023-03-10,Med-Surg,204,42,42,0,34,190,0.9314
2023-03-11,Med-Surg,204,29,29,0,35,184,0.902
2023-03-12,Med-Surg,204,27,27,0,39,172,0.8431
2023-03-13,Med-Surg,204,48,48,0,39,181,0.8873
2023-03-14,Med-Surg,204,39,39,0,36,184,0.902
2023-03-15,Med-Surg,204,47,47,0,35,196,0.9608
2023-03-16,Med-Surg,204,25,25,0,40,181,0.8873
2023-03-17,Med-Surg,204,42,42,0,39,184,0.902
2023-03-18,Med-Surg,204,29,29,0,35,178,0.8725
2023-03-19,Med-Surg,204,27,27,0,41,164,0.8039
2023-03-20,Med-Surg,204,49,49,0,36,177,0.8676
2023-03-21,Med-Surg,204,49,49,0,25,201,0.9853
2023-03-22,Med-Surg,204,48,45,3,42,204,1.0
2023-03-23,Med-Surg,204,43,43,0,45,202,0.9902
2023-03-24,Med-Surg,204,45,45,0,44,203,0.9951
2023-03-25,Med-Surg,204,30,30,0,44,189,0.9265
2023-03-26,Med-Surg,204,30,30,0,32,187,0.9167
2023-03-27,Med-Surg,204,36,36,0,40,183,0.8971
2023-03-28,Med-Surg,204,39,39,0,36,186,0.9118
2023-03-29,Med-Surg,204,35,35,0,42,179,0.8775
2023-03-30,Med-Surg,204,39,39,0,38,180,0.8824
2023-03-31,Med-Surg,204,26,26,0,43,163,0.799
2023-04-01,Med-Surg,204,29,29,0,37,155,0.7598
2023-04-02,Med-Surg,204,33,33,0,30,158,0.7745
2023-04-03,Med-Surg,204,46,46,0,35,169,0.8284
2023-04-04,Med-Surg,204,53,53,0,31,191,0.9363
2023-04-05,Med-Surg,204,46,46,0,40,197,0.9657
2023-04-06,Med-Surg,204,36,36,0,45,188,0.9216
2023-04-07,Med-Surg,204,50,47,3,31,204,1.0
2023-04-08,Med-Surg,204,34,34,0,38,200,0.9804
2023-04-09,Med-Surg,204,25,25,0,54,171,0.8382
2023-04-10,Med-Surg,204,41,41,0,44,168,0.8235
2023-04-11,Med-Surg,204,35,35,0,21,182,0.8922
2023-04-12,Med-Surg,204,48,48,0,40,190,0.9314
2023-04-13,Med-Surg,204,40,40,0,39,191,0.9363
2023-04-14,Med-Surg,204,34,34,0,43,182,0.8922
2023-04-15,Med-Surg,204,28,28,0,43,167,0.8186
2023-04-16,Med-Surg,204,26,26,0,52,141,0.6912
2023-04-17,Med-Surg,204,40,40,0,30,151,0.7402
2023-04-18,Med-Surg,204,37,37,0,33,155,0.7598
2023-04-19,Med-Surg,204,33,33,0,40,148,0.7255
2023-04-20,Med-Surg,204,36,36,0,32,152,0.7451
2023-04-21,Med-Surg,204,44,44,0,41,155,0.7598
2023-04-22,Med-Surg,204,20,20,0,34,141,0.6912
2023-04-23,Med-Surg,204,19,19,0,28,132,0.6471
2023-04-24,Med-Surg,204,50,50,0,24,158,0.7745
2023-04-25,Med-Surg,204,32,32,0,34,156,0.7647
2023-04-26,Med-Surg,204,33,33,0,31,158,0.7745
2023-04-27,Med-Surg,204,40,40,0,29,169,0.8284
2023-04-28,Med-Surg,204,34,34,0,35,168,0.8235
2023-04-29,Med-Surg,204,35,35,0,38,165,0.8088
2023-04-30,Med-Surg,204,25,25,0,43,147,0.7206
2023-05-01,Med-Surg,204,52,52,0,28,171,0.8382
2023-05-02,Med-Surg,204,37,37,0,38,170,0.8333
2023-05-03,Med-Surg,204,46,46,0,38,178,0.8725
2023-05-04,Med-Surg,204,37,37,0,37,178,0.8725
2023-05-05,Med-Surg,204,39,39,0,37,180,0.8824
2023-05-06,Med-Surg,204,28,28,0,28,180,0.8824
2023-05-07,Med-Surg,204,32,32,0,36,176,0.8627
2023-05-08,Med-Surg,204,47,47,0,34,189,0.9265
2023-05-09,Med-Surg,204,39,39,0,33,195,0.9559
2023-05-10,Med-Surg,204,46,46,0,43,198,0.9706
2023-05-11,Med-Surg,204,40,40,0,41,197,0.9657
2023-05-12,Med-Surg,204,34,34,0,46,185,0.9069
2023-05-13,Med-Surg,204,24,24,0,35,174,0.8529
2023-05-14,Med-Surg,204,28,28,0,34,168,0.8235
2023-05-15,Med-Surg,204,38,38,0,32,174,0.8529
2023-05-16,Med-Surg,204,40,40,0,43,171,0.8382
2023-05-17,Med-Surg,204,37,37,0,31,177,0.8676
2023-05-18,Med-Surg,204,47,47,0,32,192,0.9412
2023-05-19,Med-Surg,204,33,33,0,38,187,0.9167
2023-05-20,Med-Surg,204,29,29,0,45,171,0.8382
2023-05-21,Med-Surg,204,21,21,0,39,153,0.75
2023-05-22,Med-Surg,204,43,43,0,38,158,0.7745
2023-05-23,Med-Surg,204,28,28,0,33,153,0.75
2023-05-24,Med-Surg,204,41,41,0,33,161,0.7892
2023-05-25,Med-Surg,204,40,40,0,27,174,0.8529
2023-05-26,Med-Surg,204,28,28,0,33,169,0.8284
2023-05-27,Med-Surg,204,23,23,0,44,148,0.7255
2023-05-28,Med-Surg,204,19,19,0,34,133,0.652
2023-05-29,Med-Surg,204,35,35,0,24,144,0.7059
2023-05-30,Med-Surg,204,38,38,0,26,156,0.7647
2023-05-31,Med-Surg,204,34,34,0,34,156,0.7647
2023-06-01,Med-Surg,204,54,54,0,31,179,0.8775
2023-06-02,Med-Surg,204,36,36,0,30,185,0.9069
2023-06-03,Med-Surg,204,27,27,0,39,173,0.848
2023-06-04,Med-Surg,204,32,32,0,44,161,0.7892
2023-06-05,Med-Surg,204,36,36,0,45,152,0.7451
2023-06-06,Med-Surg,204,35,35,0,35,152,0.7451
2023-06-07,Med-Surg,204,25,25,0,34,143,0.701
2023-06-08,Med-Surg,204,41,41,0,29,155,0.7598
2023-06-09,Med-Surg,204,43,43,0,35,163,0.799
2023-06-10,Med-Surg,204,25,25,0,49,139,0.6814
2023-06-11,Med-Surg,204,23,23,0,27,135,0.6618
2023-06-12,Med-Surg,204,43,43,0,28,150,0.7353
2023-06-13,Med-Surg,204,29,29,0,37,142,0.6961
2023-06-14,Med-Surg,204,33,33,0,28,147,0.7206
2023-06-15,Med-Surg,204,31,31,0,36,142,0.6961
2023-06-16,Med-Surg,204,29,29,0,33,138,0.6765
2023-06-17,Med-Surg,204,28,28,0,29,137,0.6716
2023-06-18,Med-Surg,204,22,22,0,23,136,0.6667
2023-06-19,Med-Surg,204,34,34,0,34,136,0.6667
2023-06-20,Med-Surg,204,35,35,0,35,136,0.6667
2023-06-21,Med-Surg,204,42,42,0,26,152,0.7451
2023-06-22,Med-Surg,204,25,25,0,29,148,0.7255
2023-06-23,Med-Surg,204,27,27,0,30,145,0.7108
2023-06-24,Med-Surg,204,22,22,0,32,135,0.6618
2023-06-25,Med-Surg,204,20,20,0,38,117,0.5735
2023-06-26,Med-Surg,204,29,29,0,33,113,0.5539
2023-06-27,Med-Surg,204,34,34,0,19,128,0.6275
2023-06-28,Med-Surg,204,36,36,0,22,142,0.6961
2023-06-29,Med-Surg,204,31,31,0,27,146,0.7157
2023-06-30,Med-Surg,204,37,37,0,29,154,0.7549
2023-07-01,Med-Surg,204,26,26,0,23,157,0.7696
2023-07-02,Med-Surg,204,13,13,0,34,136,0.6667
2023-07-03,Med-Surg,204,48,48,0,34,150,0.7353
2023-07-04,Med-Surg,204,34,34,0,28,156,0.7647
2023-07-05,Med-Surg,204,32,32,0,21,167,0.8186
2023-07-06,Med-Surg,204,34,34,0,39,162,0.7941
2023-07-07,Med-Surg,204,27,27,0,35,154,0.7549
2023-07-08,Med-Surg,204,26,26,0,32,148,0.7255
2023-07-09,Med-Surg,204,27,27,0,29,146,0.7157
2023-07-10,Med-Surg,204,42,42,0,32,156,0.7647
2023-07-11,Med-Surg,204,42,42,0,31,167,0.8186
2023-07-12,Med-Surg,204,43,43,0,35,175,0.8578
2023-07-13,Med-Surg,204,27,27,0,40,162,0.7941
2023-07-14,Med-Surg,204,33,33,0,35,160,0.7843
2023-07-15,Med-Surg,204,26,26,0,28,158,0.7745
2023-07-16,Med-Surg,204,26,26,0,48,136,0.6667
2023-07-17,Med-Surg,204,36,36,0,20,152,0.7451
2023-07-18,Med-Surg,204,34,34,0,34,152,0.7451
2023-07-19,Med-Surg,204,43,43,0,29,166,0.8137
2023-07-20,Med-Surg,204,39,39,0,41,164,0.8039
2023-07-21,Med-Surg,204,32,32,0,30,166,0.8137
2023-07-22,Med-Surg,204,34,34,0,43,157,0.7696
2023-07-23,Med-Surg,204,39,39,0,38,158,0.7745
2023-07-24,Med-Surg,204,35,35,0,25,168,0.8235
2023-07-25,Med-Surg,204,33,33,0,41,160,0.7843
2023-07-26,Med-Surg,204,44,44,0,27,177,0.8676
2023-07-27,Med-Surg,204,49,49,0,29,197,0.9657
2023-07-28,Med-Surg,204,35,35,0,35,197,0.9657
2023-07-29,Med-Surg,204,22,22,0,36,183,0.8971
2023-07-30,Med-Surg,204,28,28,0,37,174,0.8529
2023-07-31,Med-Surg,204,29,29,0,37,166,0.8137
2023-08-01,Med-Surg,204,39,39,0,48,157,0.7696
2023-08-02,Med-Surg,204,28,28,0,31,154,0.7549
2023-08-03,Med-Surg,204,23,23,0,27,150,0.7353
2023-08-04,Med-Surg,204,28,28,0,36,142,0.6961
2023-08-05,Med-Surg,204,24,24,0,34,132,0.6471
2023-08-06,Med-Surg,204,17,17,0,32,117,0.5735
2023-08-07,Med-Surg,204,46,46,0,29,134,0.6569
2023-08-08,Med-Surg,204,35,35,0,23,146,0.7157
2023-08-09,Med-Surg,204,34,34,0,32,148,0.7255
2023-08-10,Med-Surg,204,46,46,0,27,167,0.8186
2023-08-11,Med-Surg,204,32,32,0,30,169,0.8284
2023-08-12,Med-Surg,204,24,24,0,37,156,0.7647
2023-08-13,Med-Surg,204,29,29,0,33,152,0.7451
2023-08-14,Med-Surg,204,48,48,0,23,177,0.8676
2023-08-15,Med-Surg,204,36,36,0,34,179,0.8775
2023-08-16,Med-Surg,204,36,36,0,31,184,0.902
2023-08-17,Med-Surg,204,32,32,0,35,181,0.8873
2023-08-18,Med-Surg,204,38,38,0,50,169,0.8284
2023-08-19,Med-Surg,204,31,31,0,31,169,0.8284
2023-08-20,Med-Surg,204,35,35,0,36,168,0.8235
2023-08-21,Med-Surg,204,40,40,0,42,166,0.8137
2023-08-22,Med-Surg,204,36,36,0,28,174,0.8529
2023-08-23,Med-Surg,204,43,43,0,38,179,0.8775
2023-08-24,Med-Surg,204,38,38,0,43,174,0.8529
2023-08-25,Med-Surg,204,38,38,0,33,179,0.8775
2023-08-26,Med-Surg,204,36,36,0,37,178,0.8725
2023-08-27,Med-Surg,204,40,40,0,45,173,0.848
2023-08-28,Med-Surg,204,36,36,0,38,171,0.8382
2023-08-29,Med-Surg,204,32,32,0,39,164,0.8039
2023-08-30,Med-Surg,204,45,45,0,32,177,0.8676
2023-08-31,Med-Surg,204,37,37,0,32,182,0.8922
2023-09-01,Med-Surg,204,30,30,0,40,172,0.8431
2023-09-02,Med-Surg,204,24,24,0,40,156,0.7647
2023-09-03,Med-Surg,204,45,45,0,37,164,0.8039
2023-09-04,Med-Surg,204,42,42,0,25,181,0.8873
2023-09-05,Med-Surg,204,33,33,0,38,176,0.8627
2023-09-06,Med-Surg,204,40,40,0,39,177,0.8676
2023-09-07,Med-Surg,204,33,33,0,34,176,0.8627
2023-09-08,Med-Surg,204,24,24,0,43,157,0.7696
2023-09-09,Med-Surg,204,31,31,0,42,146,0.7157
2023-09-10,Med-Surg,204,18,18,0,26,138,0.6765
2023-09-11,Med-Surg,204,35,35,0,35,138,0.6765
2023-09-12,Med-Surg,204,32,32,0,23,147,0.7206
2023-09-13,Med-Surg,204,32,32,0,33,146,0.7157
2023-09-14,Med-Surg,204,32,32,0,36,142,0.6961
2023-09-15,Med-Surg,204,36,36,0,33,145,0.7108
2023-09-16,Med-Surg,204,27,27,0,33,139,0.6814
2023-09-17,Med-Surg,204,29,29,0,34,134,0.6569
2023-09-18,Med-Surg,204,45,45,0,33,146,0.7157
2023-09-19,Med-Surg,204,36,36,0,22,160,0.7843
2023-09-20,Med-Surg,204,41,41,0,40,161,0.7892
2023-09-21,Med-Surg,204,33,33,0,28,166,0.8137
2023-09-22,Med-Surg,204,30,30,0,28,168,0.8235
2023-09-23,Med-Surg,204,36,36,0,34,170,0.8333
2023-09-24,Med-Surg,204,18,18,0,42,146,0.7157
2023-09-25,Med-Surg,204,30,30,0,36,140,0.6863
2023-09-26,Med-Surg,204,56,56,0,28,168,0.8235
2023-09-27,Med-Surg,204,44,44,0,30,182,0.8922
2023-09-28,Med-Surg,204,35,35,0,37,180,0.8824
2023-09-29,Med-Surg,204,41,41,0,46,175,0.8578
2023-09-30,Med-Surg,204,25,25,0,44,156,0.7647
2023-10-01,Med-Surg,204,24,24,0,32,148,0.7255
2023-10-02,Med-Surg,204,49,49,0,39,158,0.7745
2023-10-03,Med-Surg,204,46,46,0,18,186,0.9118
2023-10-04,Med-Surg,204,43,43,0,38,191,0.9363
2023-10-05,Med-Surg,204,30,30,0,43,178,0.8725
2023-10-06,Med-Surg,204,31,31,0,31,178,0.8725
2023-10-07,Med-Surg,204,28,28,0,31,175,0.8578
2023-10-08,Med-Surg,204,26,26,0,31,170,0.8333
2023-10-09,Med-Surg,204,40,40,0,39,171,0.8382
2023-10-10,Med-Surg,204,38,38,0,39,170,0.8333
2023-10-11,Med-Surg,204,49,49,0,41,178,0.8725
2023-10-12,Med-Surg,204,39,39,0,36,181,0.8873
2023-10-13,Med-Surg,204,37,37,0,39,179,0.8775
2023-10-14,Med-Surg,204,19,19,0,37,161,0.7892
2023-10-15,Med-Surg,204,35,35,0,27,169,0.8284
2023-10-16,Med-Surg,204,54,54,0,39,184,0.902
2023-10-17,Med-Surg,204,45,45,0,40,189,0.9265
2023-10-18,Med-Surg,204,52,52,0,46,195,0.9559
2023-10-19,Med-Surg,204,37,37,0,41,191,0.9363
2023-10-20,Med-Surg,204,36,36,0,47,180,0.8824
2023-10-21,Med-Surg,204,35,35,0,31,184,0.902
2023-10-22,Med-Surg,204,31,31,0,45,170,0.8333
2023-10-23,Med-Surg,204,43,43,0,32,181,0.8873
2023-10-24,Med-Surg,204,52,52,0,35,198,0.9706
2023-10-25,Med-Surg,204,42,42,0,44,196,0.9608
2023-10-26,Med-Surg,204,37,37,0,45,188,0.9216
2023-10-27,Med-Surg,204,43,43,0,37,194,0.951
2023-10-28,Med-Surg,204,39,39,0,40,193,0.9461
2023-10-29,Med-Surg,204,26,26,0,44,175,0.8578
2023-10-30,Med-Surg,204,37,37,0,40,172,0.8431
2023-10-31,Med-Surg,204,37,37,0,34,175,0.8578
2023-11-01,Med-Surg,204,48,48,0,31,192,0.9412
2023-11-02,Med-Surg,204,50,48,2,36,204,1.0
2023-11-03,Med-Surg,204,36,36,0,42,198,0.9706
2023-11-04,Med-Surg,204,36,36,0,40,194,0.951
2023-11-05,Med-Surg,204,20,20,0,36,178,0.8725
2023-11-06,Med-Surg,204,57,57,0,53,182,0.8922
2023-11-07,Med-Surg,204,43,43,0,36,189,0.9265
2023-11-08,Med-Surg,204,24,24,0,43,170,0.8333
2023-11-09,Med-Surg,204,41,41,0,30,181,0.8873
2023-11-10,Med-Surg,204,28,28,0,37,172,0.8431
2023-11-11,Med-Surg,204,25,25,0,31,166,0.8137
2023-11-12,Med-Surg,204,39,39,0,37,168,0.8235
2023-11-13,Med-Surg,204,51,51,0,33,186,0.9118
2023-11-14,Med-Surg,204,46,46,0,42,190,0.9314
2023-11-15,Med-Surg,204,42,42,0,44,188,0.9216
2023-11-16,Med-Surg,204,33,33,0,35,186,0.9118
2023-11-17,Med-Surg,204,34,34,0,54,166,0.8137
2023-11-18,Med-Surg,204,34,34,0,36,164,0.8039
2023-11-19,Med-Surg,204,36,36,0,39,161,0.7892
2023-11-20,Med-Surg,204,44,44,0,39,166,0.8137
2023-11-21,Med-Surg,204,53,53,0,32,187,0.9167
2023-11-22,Med-Surg,204,36,36,0,38,185,0.9069
2023-11-23,Med-Surg,204,38,38,0,27,196,0.9608
2023-11-24,Med-Surg,204,34,34,0,44,186,0.9118
2023-11-25,Med-Surg,204,28,28,0,39,175,0.8578
2023-11-26,Med-Surg,204,35,35,0,38,172,0.8431
2023-11-27,Med-Surg,204,58,58,0,52,178,0.8725
2023-11-28,Med-Surg,204,45,45,0,34,189,0.9265
2023-11-29,Med-Surg,204,37,37,0,32,194,0.951
2023-11-30,Med-Surg,204,56,54,2,44,204,1.0
2023-12-01,Med-Surg,204,44,32,12,32,204,1.0
2023-12-02,Med-Surg,204,20,20,0,49,175,0.8578
2023-12-03,Med-Surg,204,32,32,0,42,165,0.8088
2023-12-04,Med-Surg,204,54,54,0,40,179,0.8775
2023-12-05,Med-Surg,204,51,51,0,33,197,0.9657
2023-12-06,Med-Surg,204,37,37,0,38,196,0.9608
2023-12-07,Med-Surg,204,36,36,0,53,179,0.8775
2023-12-08,Med-Surg,204,46,46,0,33,192,0.9412
2023-12-09,Med-Surg,204,32,32,0,37,187,0.9167
2023-12-10,Med-Surg,204,31,31,0,39,179,0.8775
2023-12-11,Med-Surg,204,48,48,0,42,185,0.9069
2023-12-12,Med-Surg,204,46,46,0,35,196,0.9608
2023-12-13,Med-Surg,204,63,37,26,29,204,1.0
2023-12-14,Med-Surg,204,70,40,30,40,204,1.0
2023-12-15,Med-Surg,204,46,46,0,57,193,0.9461
2023-12-16,Med-Surg,204,48,48,0,45,196,0.9608
2023-12-17,Med-Surg,204,28,28,0,28,196,0.9608
2023-12-18,Med-Surg,204,46,46,0,47,195,0.9559
2023-12-19,Med-Surg,204,59,59,0,50,204,1.0
2023-12-20,Med-Surg,204,46,42,4,42,204,1.0
2023-12-21,Med-Surg,204,52,48,4,48,204,1.0
2023-12-22,Med-Surg,204,56,40,16,40,204,1.0
2023-12-23,Med-Surg,204,22,22,0,41,185,0.9069
2023-12-24,Med-Surg,204,32,32,0,38,179,0.8775
2023-12-25,Med-Surg,204,64,64,0,47,196,0.9608
2023-12-26,Med-Surg,204,54,50,4,42,204,1.0
2023-12-27,Med-Surg,204,56,42,14,42,204,1.0
2023-12-28,Med-Surg,204,54,53,1,53,204,1.0
2023-12-29,Med-Surg,204,47,47,0,50,201,0.9853
2023-12-30,Med-Surg,204,44,39,5,36,204,1.0
2023-12-31,Med-Surg,204,30,30,0,48,186,0.9118
2024-01-01,Med-Surg,204,40,40,0,47,179,0.8775
2024-01-02,Med-Surg,204,49,49,0,39,189,0.9265
2024-01-03,Med-Surg,204,34,34,0,39,184,0.902
2024-01-04,Med-Surg,204,45,45,0,41,188,0.9216
2024-01-05,Med-Surg,204,44,44,0,38,194,0.951
2024-01-06,Med-Surg,204,27,27,0,36,185,0.9069
2024-01-07,Med-Surg,204,31,31,0,45,171,0.8382
2024-01-08,Med-Surg,204,43,43,0,43,171,0.8382
2024-01-09,Med-Surg,204,55,55,0,33,193,0.9461
2024-01-10,Med-Surg,204,44,44,0,36,201,0.9853
2024-01-11,Med-Surg,204,40,40,0,46,195,0.9559
2024-01-12,Med-Surg,204,53,53,0,48,200,0.9804
2024-01-13,Med-Surg,204,41,41,0,40,201,0.9853
2024-01-14,Med-Surg,204,33,33,0,34,200,0.9804
2024-01-15,Med-Surg,204,47,47,0,47,200,0.9804
2024-01-16,Med-Surg,204,43,43,0,48,195,0.9559
2024-01-17,Med-Surg,204,43,43,0,34,204,1.0
2024-01-18,Med-Surg,204,24,24,0,45,183,0.8971
2024-01-19,Med-Surg,204,48,48,0,42,189,0.9265
2024-01-20,Med-Surg,204,43,43,0,33,199,0.9755
2024-01-21,Med-Surg,204,29,29,0,34,194,0.951
2024-01-22,Med-Surg,204,38,38,0,38,194,0.951
2024-01-23,Med-Surg,204,39,39,0,38,195,0.9559
2024-01-24,Med-Surg,204,43,43,0,52,186,0.9118
2024-01-25,Med-Surg,204,31,31,0,45,172,0.8431
2024-01-26,Med-Surg,204,39,39,0,36,175,0.8578
2024-01-27,Med-Surg,204,29,29,0,37,167,0.8186
2024-01-28,Med-Surg,204,40,40,0,35,172,0.8431
2024-01-29,Med-Surg,204,54,54,0,35,191,0.9363
2024-01-30,Med-Surg,204,44,40,4,27,204,1.0
2024-01-31,Med-Surg,204,43,43,0,46,201,0.9853
2024-02-01,Med-Surg,204,60,41,19,38,204,1.0
2024-02-02,Med-Surg,204,51,45,6,45,204,1.0
2024-02-03,Med-Surg,204,34,34,0,49,189,0.9265
2024-02-04,Med-Surg,204,50,50,0,38,201,0.9853
2024-02-05,Med-Surg,204,58,47,11,44,204,1.0
2024-02-06,Med-Surg,204,61,39,22,39,204,1.0
2024-02-07,Med-Surg,204,49,36,13,36,204,1.0
2024-02-08,Med-Surg,204,46,39,7,39,204,1.0
2024-02-09,Med-Surg,204,44,43,1,43,204,1.0
2024-02-10,Med-Surg,204,29,29,0,49,184,0.902
2024-02-11,Med-Surg,204,34,34,0,41,177,0.8676
2024-02-12,Med-Surg,204,46,46,0,43,180,0.8824
2024-02-13,Med-Surg,204,52,52,0,31,201,0.9853
2024-02-14,Med-Surg,204,52,36,16,33,204,1.0
2024-02-15,Med-Surg,204,45,45,0,51,198,0.9706
2024-02-16,Med-Surg,204,43,43,0,46,195,0.9559
2024-02-17,Med-Surg,204,33,33,0,41,187,0.9167
2024-02-18,Med-Surg,204,52,50,2,33,204,1.0
2024-02-19,Med-Surg,204,53,41,12,41,204,1.0
2024-02-20,Med-Surg,204,51,39,12,39,204,1.0
2024-02-21,Med-Surg,204,50,40,10,40,204,1.0
2024-02-22,Med-Surg,204,34,34,0,41,197,0.9657
2024-02-23,Med-Surg,204,54,47,7,40,204,1.0
2024-02-24,Med-Surg,204,34,34,0,50,188,0.9216
2024-02-25,Med-Surg,204,38,38,0,33,193,0.9461
2024-02-26,Med-Surg,204,42,42,0,31,204,1.0
2024-02-27,Med-Surg,204,61,43,18,43,204,1.0
2024-02-28,Med-Surg,204,48,48,0,48,204,1.0
2024-02-29,Med-Surg,204,39,39,0,44,199,0.9755
2024-03-01,Med-Surg,204,40,40,0,49,190,0.9314
2024-03-02,Med-Surg,204,35,35,0,31,194,0.951
2024-03-03,Med-Surg,204,26,26,0,33,187,0.9167
2024-03-04,Med-Surg,204,41,41,0,46,182,0.8922
2024-03-05,Med-Surg,204,56,56,0,34,204,1.0
2024-03-06,Med-Surg,204,37,37,0,41,200,0.9804
2024-03-07,Med-Surg,204,33,33,0,34,199,0.9755
2024-03-08,Med-Surg,204,45,45,0,44,200,0.9804
2024-03-09,Med-Surg,204,36,36,0,48,188,0.9216
2024-03-10,Med-Surg,204,39,39,0,34,193,0.9461
2024-03-11,Med-Surg,204,35,35,0,35,193,0.9461
2024-03-12,Med-Surg,204,46,46,0,41,198,0.9706
2024-03-13,Med-Surg,204,62,47,15,41,204,1.0
2024-03-14,Med-Surg,204,50,35,15,35,204,1.0
2024-03-15,Med-Surg,204,34,34,0,42,196,0.9608
2024-03-16,Med-Surg,204,35,35,0,52,179,0.8775
2024-03-17,Med-Surg,204,27,27,0,49,157,0.7696
2024-03-18,Med-Surg,204,35,35,0,38,154,0.7549
2024-03-19,Med-Surg,204,40,40,0,37,157,0.7696
2024-03-20,Med-Surg,204,33,33,0,39,151,0.7402
2024-03-21,Med-Surg,204,32,32,0,29,154,0.7549
2024-03-22,Med-Surg,204,30,30,0,31,153,0.75
2024-03-23,Med-Surg,204,28,28,0,29,152,0.7451
2024-03-24,Med-Surg,204,30,30,0,35,147,0.7206
2024-03-25,Med-Surg,204,47,47,0,35,159,0.7794
2024-03-26,Med-Surg,204,52,52,0,31,180,0.8824
2024-03-27,Med-Surg,204,38,38,0,32,186,0.9118
2024-03-28,Med-Surg,204,52,52,0,37,201,0.9853
2024-03-29,Med-Surg,204,42,38,4,35,204,1.0
2024-03-30,Med-Surg,204,28,28,0,48,184,0.902
2024-03-31,Med-Surg,204,31,31,0,49,166,0.8137
2024-04-01,Med-Surg,204,38,38,0,38,166,0.8137
2024-04-02,Med-Surg,204,42,42,0,39,169,0.8284
2024-04-03,Med-Surg,204,43,43,0,33,179,0.8775
2024-04-04,Med-Surg,204,34,34,0,33,180,0.8824
2024-04-05,Med-Surg,204,29,29,0,36,173,0.848
2024-04-06,Med-Surg,204,33,33,0,44,162,0.7941
2024-04-07,Med-Surg,204,31,31,0,35,158,0.7745
2024-04-08,Med-Surg,204,32,32,0,42,148,0.7255
2024-04-09,Med-Surg,204,41,41,0,28,161,0.7892
2024-04-10,Med-Surg,204,39,39,0,32,168,0.8235
2024-04-11,Med-Surg,204,39,39,0,33,174,0.8529
2024-04-12,Med-Surg,204,38,38,0,31,181,0.8873
2024-04-13,Med-Surg,204,25,25,0,43,163,0.799
2024-04-14,Med-Surg,204,35,35,0,40,158,0.7745
2024-04-15,Med-Surg,204,42,42,0,38,162,0.7941
2024-04-16,Med-Surg,204,41,41,0,29,174,0.8529
2024-04-17,Med-Surg,204,39,39,0,39,174,0.8529
2024-04-18,Med-Surg,204,46,46,0,34,186,0.9118
2024-04-19,Med-Surg,204,38,38,0,45,179,0.8775
2024-04-20,Med-Surg,204,34,34,0,34,179,0.8775
2024-04-21,Med-Surg,204,30,30,0,42,167,0.8186
2024-04-22,Med-Surg,204,29,29,0,29,167,0.8186
2024-04-23,Med-Surg,204,31,31,0,32,166,0.8137
2024-04-24,Med-Surg,204,27,27,0,32,161,0.7892
2024-04-25,Med-Surg,204,46,46,0,37,170,0.8333
2024-04-26,Med-Surg,204,45,45,0,36,179,0.8775
2024-04-27,Med-Surg,204,39,39,0,43,175,0.8578
2024-04-28,Med-Surg,204,28,28,0,35,168,0.8235
2024-04-29,Med-Surg,204,42,42,0,36,174,0.8529
2024-04-30,Med-Surg,204,33,33,0,43,164,0.8039
2024-05-01,Med-Surg,204,29,29,0,27,166,0.8137
2024-05-02,Med-Surg,204,36,36,0,40,162,0.7941
2024-05-03,Med-Surg,204,39,39,0,34,167,0.8186
2024-05-04,Med-Surg,204,27,27,0,35,159,0.7794
2024-05-05,Med-Surg,204,28,28,0,37,150,0.7353
2024-05-06,Med-Surg,204,47,47,0,33,164,0.8039
2024-05-07,Med-Surg,204,41,41,0,47,158,0.7745
2024-05-08,Med-Surg,204,41,41,0,24,175,0.8578
2024-05-09,Med-Surg,204,36,36,0,30,181,0.8873
2024-05-10,Med-Surg,204,41,41,0,31,191,0.9363
2024-05-11,Med-Surg,204,47,47,0,44,194,0.951
2024-05-12,Med-Surg,204,25,25,0,48,171,0.8382
2024-05-13,Med-Surg,204,46,46,0,41,176,0.8627
2024-05-14,Med-Surg,204,43,43,0,33,186,0.9118
2024-05-15,Med-Surg,204,37,37,0,33,190,0.9314
2024-05-16,Med-Surg,204,35,35,0,49,176,0.8627
2024-05-17,Med-Surg,204,34,34,0,36,174,0.8529
2024-05-18,Med-Surg,204,32,32,0,30,176,0.8627
2024-05-19,Med-Surg,204,34,34,0,37,173,0.848
2024-05-20,Med-Surg,204,35,35,0,39,169,0.8284
2024-05-21,Med-Surg,204,36,36,0,31,174,0.8529
2024-05-22,Med-Surg,204,41,41,0,31,184,0.902
2024-05-23,Med-Surg,204,35,35,0,35,184,0.902
2024-05-24,Med-Surg,204,30,30,0,30,184,0.902
2024-05-25,Med-Surg,204,19,19,0,47,156,0.7647
2024-05-26,Med-Surg,204,29,29,0,42,143,0.701
2024-05-27,Med-Surg,204,34,34,0,26,151,0.7402
2024-05-28,Med-Surg,204,33,33,0,36,148,0.7255
2024-05-29,Med-Surg,204,32,32,0,36,144,0.7059
2024-05-30,Med-Surg,204,34,34,0,36,142,0.6961
2024-05-31,Med-Surg,204,34,34,0,36,140,0.6863
2024-06-01,Med-Surg,204,28,28,0,35,133,0.652
2024-06-02,Med-Surg,204,23,23,0,32,124,0.6078
2024-06-03,Med-Surg,204,53,53,0,31,146,0.7157
2024-06-04,Med-Surg,204,35,35,0,24,157,0.7696
2024-06-05,Med-Surg,204,34,34,0,32,159,0.7794
2024-06-06,Med-Surg,204,37,37,0,39,157,0.7696
2024-06-07,Med-Surg,204,33,33,0,32,158,0.7745
2024-06-08,Med-Surg,204,27,27,0,32,153,0.75
2024-06-09,Med-Surg,204,33,33,0,40,146,0.7157
2024-06-10,Med-Surg,204,35,35,0,30,151,0.7402
2024-06-11,Med-Surg,204,15,15,0,38,128,0.6275
2024-06-12,Med-Surg,204,30,30,0,21,137,0.6716
2024-06-13,Med-Surg,204,44,44,0,26,155,0.7598
2024-06-14,Med-Surg,204,28,28,0,30,153,0.75
2024-06-15,Med-Surg,204,27,27,0,32,148,0.7255
2024-06-16,Med-Surg,204,24,24,0,41,131,0.6422
2024-06-17,Med-Surg,204,50,50,0,33,148,0.7255
2024-06-18,Med-Surg,204,31,31,0,23,156,0.7647
2024-06-19,Med-Surg,204,46,46,0,24,178,0.8725
2024-06-20,Med-Surg,204,42,42,0,37,183,0.8971
2024-06-21,Med-Surg,204,29,29,0,33,179,0.8775
2024-06-22,Med-Surg,204,23,23,0,40,162,0.7941
2024-06-23,Med-Surg,204,22,22,0,40,144,0.7059
2024-06-24,Med-Surg,204,45,45,0,32,157,0.7696
2024-06-25,Med-Surg,204,36,36,0,37,156,0.7647
2024-06-26,Med-Surg,204,24,24,0,27,153,0.75
2024-06-27,Med-Surg,204,29,29,0,29,153,0.75
2024-06-28,Med-Surg,204,38,38,0,30,161,0.7892
2024-06-29,Med-Surg,204,26,26,0,42,145,0.7108
2024-06-30,Med-Surg,204,17,17,0,32,130,0.6373
2024-07-01,Med-Surg,204,45,45,0,29,146,0.7157
2024-07-02,Med-Surg,204,30,30,0,29,147,0.7206
2024-07-03,Med-Surg,204,19,19,0,28,138,0.6765
2024-07-04,Med-Surg,204,50,50,0,34,154,0.7549
2024-07-05,Med-Surg,204,35,35,0,27,162,0.7941
2024-07-06,Med-Surg,204,13,13,0,36,139,0.6814
2024-07-07,Med-Surg,204,18,18,0,33,124,0.6078
2024-07-08,Med-Surg,204,37,37,0,29,132,0.6471
2024-07-09,Med-Surg,204,42,42,0,27,147,0.7206
2024-07-10,Med-Surg,204,32,32,0,26,153,0.75
2024-07-11,Med-Surg,204,31,31,0,35,149,0.7304
2024-07-12,Med-Surg,204,36,36,0,33,152,0.7451
2024-07-13,Med-Surg,204,27,27,0,29,150,0.7353
2024-07-14,Med-Surg,204,26,26,0,34,142,0.6961
2024-07-15,Med-Surg,204,27,27,0,29,140,0.6863
2024-07-16,Med-Surg,204,19,19,0,32,127,0.6225
2024-07-17,Med-Surg,204,39,39,0,27,139,0.6814
2024-07-18,Med-Surg,204,22,22,0,28,133,0.652
2024-07-19,Med-Surg,204,29,29,0,32,130,0.6373
2024-07-20,Med-Surg,204,31,31,0,20,141,0.6912
2024-07-21,Med-Surg,204,23,23,0,34,130,0.6373
2024-07-22,Med-Surg,204,36,36,0,34,132,0.6471
2024-07-23,Med-Surg,204,44,44,0,20,156,0.7647
2024-07-24,Med-Surg,204,37,37,0,34,159,0.7794
2024-07-25,Med-Surg,204,29,29,0,32,156,0.7647
2024-07-26,Med-Surg,204,44,44,0,36,164,0.8039
2024-07-27,Med-Surg,204,23,23,0,38,149,0.7304
2024-07-28,Med-Surg,204,30,30,0,32,147,0.7206
2024-07-29,Med-Surg,204,42,42,0,41,148,0.7255
2024-07-30,Med-Surg,204,47,47,0,25,170,0.8333
2024-07-31,Med-Surg,204,34,34,0,40,164,0.8039
2024-08-01,Med-Surg,204,30,30,0,27,167,0.8186
2024-08-02,Med-Surg,204,30,30,0,34,163,0.799
2024-08-03,Med-Surg,204,24,24,0,32,155,0.7598
2024-08-04,Med-Surg,204,33,33,0,33,155,0.7598
2024-08-05,Med-Surg,204,37,37,0,34,158,0.7745
2024-08-06,Med-Surg,204,26,26,0,25,159,0.7794
2024-08-07,Med-Surg,204,39,39,0,30,168,0.8235
2024-08-08,Med-Surg,204,35,35,0,39,164,0.8039
2024-08-09,Med-Surg,204,34,34,0,37,161,0.7892
2024-08-10,Med-Surg,204,17,17,0,26,152,0.7451
2024-08-11,Med-Surg,204,32,32,0,32,152,0.7451
2024-08-12,Med-Surg,204,35,35,0,43,144,0.7059
2024-08-13,Med-Surg,204,42,42,0,28,158,0.7745
2024-08-14,Med-Surg,204,38,38,0,36,160,0.7843
2024-08-15,Med-Surg,204,31,31,0,42,149,0.7304
2024-08-16,Med-Surg,204,31,31,0,33,147,0.7206
2024-08-17,Med-Surg,204,22,22,0,28,141,0.6912
2024-08-18,Med-Surg,204,26,26,0,38,129,0.6324
2024-08-19,Med-Surg,204,36,36,0,25,140,0.6863
2024-08-20,Med-Surg,204,31,31,0,32,139,0.6814
2024-08-21,Med-Surg,204,30,30,0,26,143,0.701
2024-08-22,Med-Surg,204,29,29,0,37,135,0.6618
2024-08-23,Med-Surg,204,35,35,0,26,144,0.7059
2024-08-24,Med-Surg,204,30,30,0,27,147,0.7206
2024-08-25,Med-Surg,204,30,30,0,33,144,0.7059
2024-08-26,Med-Surg,204,35,35,0,32,147,0.7206
2024-08-27,Med-Surg,204,28,28,0,38,137,0.6716
2024-08-28,Med-Surg,204,45,45,0,33,149,0.7304
2024-08-29,Med-Surg,204,37,37,0,27,159,0.7794
2024-08-30,Med-Surg,204,25,25,0,34,150,0.7353
2024-08-31,Med-Surg,204,30,30,0,36,144,0.7059
2024-09-01,Med-Surg,204,32,32,0,35,141,0.6912
2024-09-02,Med-Surg,204,41,41,0,26,156,0.7647
2024-09-03,Med-Surg,204,50,50,0,37,169,0.8284
2024-09-04,Med-Surg,204,25,25,0,26,168,0.8235
2024-09-05,Med-Surg,204,33,33,0,41,160,0.7843
2024-09-06,Med-Surg,204,40,40,0,38,162,0.7941
2024-09-07,Med-Surg,204,27,27,0,24,165,0.8088
2024-09-08,Med-Surg,204,32,32,0,38,159,0.7794
2024-09-09,Med-Surg,204,26,26,0,32,153,0.75
2024-09-10,Med-Surg,204,40,40,0,42,151,0.7402
2024-09-11,Med-Surg,204,38,38,0,31,158,0.7745
2024-09-12,Med-Surg,204,43,43,0,29,172,0.8431
2024-09-13,Med-Surg,204,39,39,0,37,174,0.8529
2024-09-14,Med-Surg,204,30,30,0,43,161,0.7892
2024-09-15,Med-Surg,204,22,22,0,34,149,0.7304
2024-09-16,Med-Surg,204,40,40,0,29,160,0.7843
2024-09-17,Med-Surg,204,42,42,0,38,164,0.8039
2024-09-18,Med-Surg,204,38,38,0,28,174,0.8529
2024-09-19,Med-Surg,204,48,48,0,34,188,0.9216
2024-09-20,Med-Surg,204,48,47,1,31,204,1.0
2024-09-21,Med-Surg,204,24,24,0,46,182,0.8922
2024-09-22,Med-Surg,204,27,27,0,35,174,0.8529
2024-09-23,Med-Surg,204,47,47,0,41,180,0.8824
2024-09-24,Med-Surg,204,42,42,0,36,186,0.9118
2024-09-25,Med-Surg,204,41,41,0,35,192,0.9412
2024-09-26,Med-Surg,204,44,44,0,47,189,0.9265
2024-09-27,Med-Surg,204,33,33,0,45,177,0.8676
2024-09-28,Med-Surg,204,33,33,0,42,168,0.8235
2024-09-29,Med-Surg,204,25,25,0,37,156,0.7647
2024-09-30,Med-Surg,204,50,50,0,29,177,0.8676
2024-10-01,Med-Surg,204,40,40,0,35,182,0.8922
2024-10-02,Med-Surg,204,36,36,0,39,179,0.8775
2024-10-03,Med-Surg,204,31,31,0,32,178,0.8725
2024-10-04,Med-Surg,204,30,30,0,38,170,0.8333
2024-10-05,Med-Surg,204,28,28,0,39,159,0.7794
2024-10-06,Med-Surg,204,28,28,0,44,143,0.701
2024-10-07,Med-Surg,204,36,36,0,31,148,0.7255
2024-10-08,Med-Surg,204,34,34,0,36,146,0.7157
2024-10-09,Med-Surg,204,46,46,0,20,172,0.8431
2024-10-10,Med-Surg,204,30,30,0,30,172,0.8431
2024-10-11,Med-Surg,204,31,31,0,30,173,0.848
2024-10-12,Med-Surg,204,39,39,0,39,173,0.848
2024-10-13,Med-Surg,204,31,31,0,34,170,0.8333
2024-10-14,Med-Surg,204,34,34,0,27,177,0.8676
2024-10-15,Med-Surg,204,28,28,0,36,169,0.8284
2024-10-16,Med-Surg,204,31,31,0,36,164,0.8039
2024-10-17,Med-Surg,204,34,34,0,36,162,0.7941
2024-10-18,Med-Surg,204,57,57,0,29,190,0.9314
2024-10-19,Med-Surg,204,27,27,0,40,177,0.8676
2024-10-20,Med-Surg,204,32,32,0,40,169,0.8284
2024-10-21,Med-Surg,204,39,39,0,36,172,0.8431
2024-10-22,Med-Surg,204,30,30,0,36,166,0.8137
2024-10-23,Med-Surg,204,50,50,0,34,182,0.8922
2024-10-24,Med-Surg,204,39,39,0,37,184,0.902
2024-10-25,Med-Surg,204,46,46,0,37,193,0.9461
2024-10-26,Med-Surg,204,37,37,0,37,193,0.9461
2024-10-27,Med-Surg,204,28,28,0,42,179,0.8775
2024-10-28,Med-Surg,204,38,38,0,40,177,0.8676
2024-10-29,Med-Surg,204,35,35,0,37,175,0.8578
2024-10-30,Med-Surg,204,51,51,0,37,189,0.9265
2024-10-31,Med-Surg,204,41,41,0,44,186,0.9118
2024-11-01,Med-Surg,204,42,42,0,39,189,0.9265
2024-11-02,Med-Surg,204,25,25,0,49,165,0.8088
2024-11-03,Med-Surg,204,27,27,0,28,164,0.8039
2024-11-04,Med-Surg,204,51,51,0,30,185,0.9069
2024-11-05,Med-Surg,204,33,33,0,37,181,0.8873
2024-11-06,Med-Surg,204,43,43,0,41,183,0.8971
2024-11-07,Med-Surg,204,51,51,0,38,196,0.9608
2024-11-08,Med-Surg,204,49,44,5,36,204,1.0
2024-11-09,Med-Surg,204,33,33,0,40,197,0.9657
2024-11-10,Med-Surg,204,35,35,0,38,194,0.951
2024-11-11,Med-Surg,204,52,52,0,43,203,0.9951
2024-11-12,Med-Surg,204,50,50,0,49,204,1.0
2024-11-13,Med-Surg,204,47,39,8,39,204,1.0
2024-11-14,Med-Surg,204,29,29,0,55,178,0.8725
2024-11-15,Med-Surg,204,51,51,0,36,193,0.9461
2024-11-16,Med-Surg,204,28,28,0,40,181,0.8873
2024-11-17,Med-Surg,204,24,24,0,40,165,0.8088
2024-11-18,Med-Surg,204,41,41,0,37,169,0.8284
2024-11-19,Med-Surg,204,35,35,0,40,164,0.8039
2024-11-20,Med-Surg,204,47,47,0,33,178,0.8725
2024-11-21,Med-Surg,204,40,40,0,40,178,0.8725
2024-11-22,Med-Surg,204,43,43,0,34,187,0.9167
2024-11-23,Med-Surg,204,37,37,0,29,195,0.9559
2024-11-24,Med-Surg,204,23,23,0,41,177,0.8676
2024-11-25,Med-Surg,204,49,49,0,52,174,0.8529
2024-11-26,Med-Surg,204,39,39,0,36,177,0.8676
2024-11-27,Med-Surg,204,39,39,0,34,182,0.8922
2024-11-28,Med-Surg,204,39,39,0,37,184,0.902
2024-11-29,Med-Surg,204,61,55,6,35,204,1.0
2024-11-30,Med-Surg,204,32,32,0,35,201,0.9853
2024-12-01,Med-Surg,204,32,32,0,37,196,0.9608
2024-12-02,Med-Surg,204,34,34,0,36,194,0.951
2024-12-03,Med-Surg,204,50,50,0,46,198,0.9706
2024-12-04,Med-Surg,204,47,47,0,43,202,0.9902
2024-12-05,Med-Surg,204,36,36,0,46,192,0.9412
2024-12-06,Med-Surg,204,39,39,0,36,195,0.9559
2024-12-07,Med-Surg,204,37,37,0,43,189,0.9265
2024-12-08,Med-Surg,204,33,33,0,33,189,0.9265
2024-12-09,Med-Surg,204,52,52,0,43,198,0.9706
2024-12-10,Med-Surg,204,42,42,0,52,188,0.9216
2024-12-11,Med-Surg,204,55,52,3,36,204,1.0
2024-12-12,Med-Surg,204,45,45,0,46,203,0.9951
2024-12-13,Med-Surg,204,37,37,0,36,204,1.0
2024-12-14,Med-Surg,204,35,35,0,48,191,0.9363
2024-12-15,Med-Surg,204,41,41,0,36,196,0.9608
2024-12-16,Med-Surg,204,48,48,0,44,200,0.9804
2024-12-17,Med-Surg,204,60,46,14,42,204,1.0
2024-12-18,Med-Surg,204,42,42,0,47,199,0.9755
2024-12-19,Med-Surg,204,54,53,1,48,204,1.0
2024-12-20,Med-Surg,204,43,39,4,39,204,1.0
2024-12-21,Med-Surg,204,39,38,1,38,204,1.0
2024-12-22,Med-Surg,204,29,29,0,48,185,0.9069
2024-12-23,Med-Surg,204,51,51,0,39,197,0.9657
2024-12-24,Med-Surg,204,51,49,2,42,204,1.0
2024-12-25,Med-Surg,204,51,40,11,40,204,1.0
2024-12-26,Med-Surg,204,63,40,23,40,204,1.0
2024-12-27,Med-Surg,204,34,34,0,47,191,0.9363
2024-12-28,Med-Surg,204,40,40,0,42,189,0.9265
2024-12-29,Med-Surg,204,28,28,0,39,178,0.8725
2024-12-30,Med-Surg,204,53,53,0,40,191,0.9363
2024-12-31,Med-Surg,204,56,43,13,30,204,1.0
2025-01-01,Med-Surg,204,59,45,14,45,204,1.0
2025-01-02,Med-Surg,204,48,48,0,50,202,0.9902
2025-01-03,Med-Surg,204,65,36,29,34,204,1.0
2025-01-04,Med-Surg,204,43,43,0,51,196,0.9608
2025-01-05,Med-Surg,204,49,44,5,36,204,1.0
2025-01-06,Med-Surg,204,54,44,10,44,204,1.0
2025-01-07,Med-Surg,204,53,47,6,47,204,1.0
2025-01-08,Med-Surg,204,61,38,23,38,204,1.0
2025-01-09,Med-Surg,204,43,37,6,37,204,1.0
2025-01-10,Med-Surg,204,35,35,0,40,199,0.9755
2025-01-11,Med-Surg,204,46,46,0,43,202,0.9902
2025-01-12,Med-Surg,204,32,32,0,46,188,0.9216
2025-01-13,Med-Surg,204,48,48,0,41,195,0.9559
2025-01-14,Med-Surg,204,39,39,0,42,192,0.9412
2025-01-15,Med-Surg,204,47,45,2,33,204,1.0
2025-01-16,Med-Surg,204,58,36,22,36,204,1.0
2025-01-17,Med-Surg,204,44,44,0,54,194,0.951
2025-01-18,Med-Surg,204,44,44,0,54,184,0.902
2025-01-19,Med-Surg,204,40,40,0,49,175,0.8578
2025-01-20,Med-Surg,204,38,38,0,38,175,0.8578
2025-01-21,Med-Surg,204,45,45,0,38,182,0.8922
2025-01-22,Med-Surg,204,47,47,0,39,190,0.9314
2025-01-23,Med-Surg,204,47,47,0,36,201,0.9853
2025-01-24,Med-Surg,204,34,34,0,47,188,0.9216
2025-01-25,Med-Surg,204,32,32,0,37,183,0.8971
2025-01-26,Med-Surg,204,29,29,0,44,168,0.8235
2025-01-27,Med-Surg,204,48,48,0,32,184,0.902
2025-01-28,Med-Surg,204,44,44,0,31,197,0.9657
2025-01-29,Med-Surg,204,42,42,0,59,180,0.8824
2025-01-30,Med-Surg,204,42,42,0,34,188,0.9216
2025-01-31,Med-Surg,204,57,57,0,41,204,1.0
2025-02-01,Med-Surg,204,32,32,0,37,199,0.9755
2025-02-02,Med-Surg,204,48,48,0,47,200,0.9804
2025-02-03,Med-Surg,204,63,45,18,41,204,1.0
2025-02-04,Med-Surg,204,58,41,17,41,204,1.0
2025-02-05,Med-Surg,204,66,35,31,35,204,1.0
2025-02-06,Med-Surg,204,58,42,16,42,204,1.0
2025-02-07,Med-Surg,204,57,48,9,48,204,1.0
2025-02-08,Med-Surg,204,43,43,0,46,201,0.9853
2025-02-09,Med-Surg,204,34,34,0,45,190,0.9314
2025-02-10,Med-Surg,204,51,51,0,41,200,0.9804
2025-02-11,Med-Surg,204,50,48,2,44,204,1.0
2025-02-12,Med-Surg,204,54,40,14,40,204,1.0
2025-02-13,Med-Surg,204,47,41,6,41,204,1.0
2025-02-14,Med-Surg,204,54,51,3,51,204,1.0
2025-02-15,Med-Surg,204,33,33,0,49,188,0.9216
2025-02-16,Med-Surg,204,29,29,0,35,182,0.8922
2025-02-17,Med-Surg,204,45,45,0,50,177,0.8676
2025-02-18,Med-Surg,204,46,46,0,39,184,0.902
2025-02-19,Med-Surg,204,54,54,0,42,196,0.9608
2025-02-20,Med-Surg,204,52,43,9,35,204,1.0
2025-02-21,Med-Surg,204,35,35,0,49,190,0.9314
2025-02-22,Med-Surg,204,33,33,0,37,186,0.9118
2025-02-23,Med-Surg,204,32,32,0,39,179,0.8775
2025-02-24,Med-Surg,204,40,40,0,44,175,0.8578
2025-02-25,Med-Surg,204,34,34,0,29,180,0.8824
2025-02-26,Med-Surg,204,40,40,0,39,181,0.8873
2025-02-27,Med-Surg,204,47,47,0,50,178,0.8725
2025-02-28,Med-Surg,204,46,46,0,30,194,0.951
2025-03-01,Med-Surg,204,35,35,0,32,197,0.9657
2025-03-02,Med-Surg,204,27,27,0,49,175,0.8578
2025-03-03,Med-Surg,204,46,46,0,43,178,0.8725
2025-03-04,Med-Surg,204,54,54,0,39,193,0.9461
2025-03-05,Med-Surg,204,27,27,0,38,182,0.8922
2025-03-06,Med-Surg,204,38,38,0,33,187,0.9167
2025-03-07,Med-Surg,204,36,36,0,41,182,0.8922
2025-03-08,Med-Surg,204,29,29,0,39,172,0.8431
2025-03-09,Med-Surg,204,46,46,0,38,180,0.8824
2025-03-10,Med-Surg,204,53,50,3,26,204,1.0
2025-03-11,Med-Surg,204,56,42,14,42,204,1.0
2025-03-12,Med-Surg,204,40,40,0,40,204,1.0
2025-03-13,Med-Surg,204,48,43,5,43,204,1.0
2025-03-14,Med-Surg,204,56,45,11,45,204,1.0
2025-03-15,Med-Surg,204,29,29,0,44,189,0.9265
2025-03-16,Med-Surg,204,21,21,0,53,157,0.7696
2025-03-17,Med-Surg,204,41,41,0,35,163,0.799
2025-03-18,Med-Surg,204,53,53,0,40,176,0.8627
2025-03-19,Med-Surg,204,49,49,0,43,182,0.8922
2025-03-20,Med-Surg,204,42,42,0,34,190,0.9314
2025-03-21,Med-Surg,204,33,33,0,43,180,0.8824
2025-03-22,Med-Surg,204,30,30,0,43,167,0.8186
2025-03-23,Med-Surg,204,31,31,0,34,164,0.8039
2025-03-24,Med-Surg,204,59,59,0,42,181,0.8873
2025-03-25,Med-Surg,204,43,43,0,36,188,0.9216
2025-03-26,Med-Surg,204,45,45,0,41,192,0.9412
2025-03-27,Med-Surg,204,42,39,3,27,204,1.0
2025-03-28,Med-Surg,204,40,40,0,50,194,0.951
2025-03-29,Med-Surg,204,32,32,0,31,195,0.9559
2025-03-30,Med-Surg,204,24,24,0,48,171,0.8382
2025-03-31,Med-Surg,204,49,49,0,41,179,0.8775
2025-04-01,Med-Surg,204,46,46,0,30,195,0.9559
2025-04-02,Med-Surg,204,44,44,0,35,204,1.0
2025-04-03,Med-Surg,204,41,41,0,44,201,0.9853
2025-04-04,Med-Surg,204,44,44,0,53,192,0.9412
2025-04-05,Med-Surg,204,27,27,0,37,182,0.8922
2025-04-06,Med-Surg,204,29,29,0,43,168,0.8235
2025-04-07,Med-Surg,204,38,38,0,39,167,0.8186
2025-04-08,Med-Surg,204,41,41,0,25,183,0.8971
2025-04-09,Med-Surg,204,49,49,0,37,195,0.9559
2025-04-10,Med-Surg,204,33,33,0,46,182,0.8922
2025-04-11,Med-Surg,204,48,48,0,44,186,0.9118
2025-04-12,Med-Surg,204,30,30,0,37,179,0.8775
2025-04-13,Med-Surg,204,32,32,0,40,171,0.8382
2025-04-14,Med-Surg,204,32,32,0,29,174,0.8529
2025-04-15,Med-Surg,204,36,36,0,45,165,0.8088
2025-04-16,Med-Surg,204,33,33,0,39,159,0.7794
2025-04-17,Med-Surg,204,31,31,0,22,168,0.8235
2025-04-18,Med-Surg,204,45,45,0,38,175,0.8578
2025-04-19,Med-Surg,204,28,28,0,27,176,0.8627
2025-04-20,Med-Surg,204,40,40,0,36,180,0.8824
2025-04-21,Med-Surg,204,39,39,0,42,177,0.8676
2025-04-22,Med-Surg,204,36,36,0,33,180,0.8824
2025-04-23,Med-Surg,204,47,47,0,45,182,0.8922
2025-04-24,Med-Surg,204,34,34,0,36,180,0.8824
2025-04-25,Med-Surg,204,39,39,0,36,183,0.8971
2025-04-26,Med-Surg,204,36,36,0,45,174,0.8529
2025-04-27,Med-Surg,204,28,28,0,41,161,0.7892
2025-04-28,Med-Surg,204,37,37,0,36,162,0.7941
2025-04-29,Med-Surg,204,38,38,0,38,162,0.7941
2025-04-30,Med-Surg,204,38,38,0,28,172,0.8431
2025-05-01,Med-Surg,204,50,50,0,35,187,0.9167
2025-05-02,Med-Surg,204,42,42,0,38,191,0.9363
2025-05-03,Med-Surg,204,31,31,0,36,186,0.9118
2025-05-04,Med-Surg,204,24,24,0,42,168,0.8235
2025-05-05,Med-Surg,204,46,46,0,33,181,0.8873
2025-05-06,Med-Surg,204,32,32,0,41,172,0.8431
2025-05-07,Med-Surg,204,31,31,0,34,169,0.8284
2025-05-08,Med-Surg,204,39,39,0,36,172,0.8431
2025-05-09,Med-Surg,204,41,41,0,28,185,0.9069
2025-05-10,Med-Surg,204,34,34,0,41,178,0.8725
2025-05-11,Med-Surg,204,32,32,0,44,166,0.8137
2025-05-12,Med-Surg,204,42,42,0,48,160,0.7843
2025-05-13,Med-Surg,204,44,44,0,36,168,0.8235
2025-05-14,Med-Surg,204,48,48,0,33,183,0.8971
2025-05-15,Med-Surg,204,34,34,0,42,175,0.8578
2025-05-16,Med-Surg,204,36,36,0,43,168,0.8235
2025-05-17,Med-Surg,204,27,27,0,32,163,0.799
2025-05-18,Med-Surg,204,37,37,0,41,159,0.7794
2025-05-19,Med-Surg,204,32,32,0,36,155,0.7598
2025-05-20,Med-Surg,204,37,37,0,44,148,0.7255
2025-05-21,Med-Surg,204,47,47,0,28,167,0.8186
2025-05-22,Med-Surg,204,38,38,0,32,173,0.848
2025-05-23,Med-Surg,204,38,38,0,34,177,0.8676
2025-05-24,Med-Surg,204,22,22,0,50,149,0.7304
2025-05-25,Med-Surg,204,33,33,0,36,146,0.7157
2025-05-26,Med-Surg,204,50,50,0,30,166,0.8137
2025-05-27,Med-Surg,204,27,27,0,36,157,0.7696
2025-05-28,Med-Surg,204,35,35,0,34,158,0.7745
2025-05-29,Med-Surg,204,42,42,0,36,164,0.8039
2025-05-30,Med-Surg,204,34,34,0,27,171,0.8382
2025-05-31,Med-Surg,204,35,35,0,36,170,0.8333
2025-06-01,Med-Surg,204,14,14,0,32,152,0.7451
2025-06-02,Med-Surg,204,42,42,0,37,157,0.7696
2025-06-03,Med-Surg,204,32,32,0,31,158,0.7745
2025-06-04,Med-Surg,204,44,44,0,38,164,0.8039
2025-06-05,Med-Surg,204,41,41,0,40,165,0.8088
2025-06-06,Med-Surg,204,43,43,0,30,178,0.8725
2025-06-07,Med-Surg,204,30,30,0,37,171,0.8382
2025-06-08,Med-Surg,204,27,27,0,45,153,0.75
2025-06-09,Med-Surg,204,39,39,0,34,158,0.7745
2025-06-10,Med-Surg,204,30,30,0,35,153,0.75
2025-06-11,Med-Surg,204,33,33,0,37,149,0.7304
2025-06-12,Med-Surg,204,37,37,0,33,153,0.75
2025-06-13,Med-Surg,204,31,31,0,37,147,0.7206
2025-06-14,Med-Surg,204,23,23,0,33,137,0.6716
2025-06-15,Med-Surg,204,23,23,0,31,129,0.6324
2025-06-16,Med-Surg,204,36,36,0,33,132,0.6471
2025-06-17,Med-Surg,204,53,53,0,35,150,0.7353
2025-06-18,Med-Surg,204,32,32,0,33,149,0.7304
2025-06-19,Med-Surg,204,37,37,0,29,157,0.7696
2025-06-20,Med-Surg,204,28,28,0,38,147,0.7206
2025-06-21,Med-Surg,204,19,19,0,22,144,0.7059
2025-06-22,Med-Surg,204,31,31,0,36,139,0.6814
2025-06-23,Med-Surg,204,41,41,0,34,146,0.7157
2025-06-24,Med-Surg,204,42,42,0,31,157,0.7696
2025-06-25,Med-Surg,204,33,33,0,32,158,0.7745
2025-06-26,Med-Surg,204,34,34,0,29,163,0.799
2025-06-27,Med-Surg,204,37,37,0,29,171,0.8382
2025-06-28,Med-Surg,204,27,27,0,38,160,0.7843
2025-06-29,Med-Surg,204,29,29,0,34,155,0.7598
2025-06-30,Med-Surg,204,44,44,0,45,154,0.7549
2025-07-01,Med-Surg,204,40,40,0,18,176,0.8627
2025-07-02,Med-Surg,204,45,45,0,33,188,0.9216
2025-07-03,Med-Surg,204,59,46,13,30,204,1.0
2025-07-04,Med-Surg,204,26,26,0,42,188,0.9216
2025-07-05,Med-Surg,204,24,24,0,51,161,0.7892
2025-07-06,Med-Surg,204,19,19,0,39,141,0.6912
2025-07-07,Med-Surg,204,36,36,0,31,146,0.7157
2025-07-08,Med-Surg,204,27,27,0,29,144,0.7059
2025-07-09,Med-Surg,204,40,40,0,28,156,0.7647
2025-07-10,Med-Surg,204,29,29,0,33,152,0.7451
2025-07-11,Med-Surg,204,31,31,0,38,145,0.7108
2025-07-12,Med-Surg,204,23,23,0,34,134,0.6569
2025-07-13,Med-Surg,204,25,25,0,26,133,0.652
2025-07-14,Med-Surg,204,28,28,0,32,129,0.6324
2025-07-15,Med-Surg,204,35,35,0,29,135,0.6618
2025-07-16,Med-Surg,204,33,33,0,22,146,0.7157
2025-07-17,Med-Surg,204,32,32,0,28,150,0.7353
2025-07-18,Med-Surg,204,30,30,0,36,144,0.7059
2025-07-19,Med-Surg,204,38,38,0,27,155,0.7598
2025-07-20,Med-Surg,204,40,40,0,36,159,0.7794
2025-07-21,Med-Surg,204,40,40,0,33,166,0.8137
2025-07-22,Med-Surg,204,35,35,0,40,161,0.7892
2025-07-23,Med-Surg,204,41,41,0,28,174,0.8529
2025-07-24,Med-Surg,204,41,41,0,39,176,0.8627
2025-07-25,Med-Surg,204,27,27,0,26,177,0.8676
2025-07-26,Med-Surg,204,33,33,0,40,170,0.8333
2025-07-27,Med-Surg,204,22,22,0,49,143,0.701
2025-07-28,Med-Surg,204,34,34,0,32,145,0.7108
2025-07-29,Med-Surg,204,34,34,0,47,132,0.6471
2025-07-30,Med-Surg,204,31,31,0,30,133,0.652
2025-07-31,Med-Surg,204,27,27,0,34,126,0.6176
2025-08-01,Med-Surg,204,37,37,0,32,131,0.6422
2025-08-02,Med-Surg,204,31,31,0,24,138,0.6765
2025-08-03,Med-Surg,204,30,30,0,28,140,0.6863
2025-08-04,Med-Surg,204,29,29,0,24,145,0.7108
2025-08-05,Med-Surg,204,30,30,0,36,139,0.6814
2025-08-06,Med-Surg,204,25,25,0,28,136,0.6667
2025-08-07,Med-Surg,204,34,34,0,34,136,0.6667
2025-08-08,Med-Surg,204,35,35,0,26,145,0.7108
2025-08-09,Med-Surg,204,32,32,0,31,146,0.7157
2025-08-10,Med-Surg,204,27,27,0,34,139,0.6814
2025-08-11,Med-Surg,204,37,37,0,26,150,0.7353
2025-08-12,Med-Surg,204,39,39,0,26,163,0.799
2025-08-13,Med-Surg,204,41,41,0,38,166,0.8137
2025-08-14,Med-Surg,204,36,36,0,33,169,0.8284
2025-08-15,Med-Surg,204,21,21,0,28,162,0.7941
2025-08-16,Med-Surg,204,34,34,0,32,164,0.8039
2025-08-17,Med-Surg,204,27,27,0,39,152,0.7451
2025-08-18,Med-Surg,204,36,36,0,28,160,0.7843
2025-08-19,Med-Surg,204,32,32,0,42,150,0.7353
2025-08-20,Med-Surg,204,34,34,0,31,153,0.75
2025-08-21,Med-Surg,204,29,29,0,40,142,0.6961
2025-08-22,Med-Surg,204,40,40,0,27,155,0.7598
2025-08-23,Med-Surg,204,37,37,0,30,162,0.7941
2025-08-24,Med-Surg,204,37,37,0,34,165,0.8088
2025-08-25,Med-Surg,204,29,29,0,39,155,0.7598
2025-08-26,Med-Surg,204,55,55,0,29,181,0.8873
2025-08-27,Med-Surg,204,34,34,0,33,182,0.8922
2025-08-28,Med-Surg,204,30,30,0,38,174,0.8529
2025-08-29,Med-Surg,204,41,41,0,35,180,0.8824
2025-08-30,Med-Surg,204,30,30,0,41,169,0.8284
2025-08-31,Med-Surg,204,19,19,0,36,152,0.7451
2025-09-01,Med-Surg,204,39,39,0,33,158,0.7745
2025-09-02,Med-Surg,204,38,38,0,27,169,0.8284
2025-09-03,Med-Surg,204,52,52,0,34,187,0.9167
2025-09-04,Med-Surg,204,34,34,0,31,190,0.9314
2025-09-05,Med-Surg,204,47,47,0,37,200,0.9804
2025-09-06,Med-Surg,204,33,33,0,43,190,0.9314
2025-09-07,Med-Surg,204,22,22,0,50,162,0.7941
2025-09-08,Med-Surg,204,46,46,0,35,173,0.848
2025-09-09,Med-Surg,204,42,42,0,34,181,0.8873
2025-09-10,Med-Surg,204,45,45,0,29,197,0.9657
2025-09-11,Med-Surg,204,34,34,0,50,181,0.8873
2025-09-12,Med-Surg,204,38,38,0,45,174,0.8529
2025-09-13,Med-Surg,204,30,30,0,36,168,0.8235
2025-09-14,Med-Surg,204,24,24,0,34,158,0.7745
2025-09-15,Med-Surg,204,36,36,0,42,152,0.7451
2025-09-16,Med-Surg,204,30,30,0,37,145,0.7108
2025-09-17,Med-Surg,204,43,43,0,19,169,0.8284
2025-09-18,Med-Surg,204,38,38,0,36,171,0.8382
2025-09-19,Med-Surg,204,31,31,0,26,176,0.8627
2025-09-20,Med-Surg,204,26,26,0,30,172,0.8431
2025-09-21,Med-Surg,204,30,30,0,34,168,0.8235
2025-09-22,Med-Surg,204,37,37,0,35,170,0.8333
2025-09-23,Med-Surg,204,31,31,0,43,158,0.7745
2025-09-24,Med-Surg,204,38,38,0,41,155,0.7598
2025-09-25,Med-Surg,204,37,37,0,34,158,0.7745
2025-09-26,Med-Surg,204,38,38,0,36,160,0.7843
2025-09-27,Med-Surg,204,28,28,0,35,153,0.75
2025-09-28,Med-Surg,204,32,32,0,37,148,0.7255
2025-09-29,Med-Surg,204,58,58,0,40,166,0.8137
2025-09-30,Med-Surg,204,40,40,0,32,174,0.8529
2025-10-01,Med-Surg,204,45,45,0,42,177,0.8676
2025-10-02,Med-Surg,204,39,39,0,39,177,0.8676
2025-10-03,Med-Surg,204,36,36,0,44,169,0.8284
2025-10-04,Med-Surg,204,24,24,0,44,149,0.7304
2025-10-05,Med-Surg,204,29,29,0,38,140,0.6863
2025-10-06,Med-Surg,204,45,45,0,38,147,0.7206
2025-10-07,Med-Surg,204,42,42,0,27,162,0.7941
2025-10-08,Med-Surg,204,48,48,0,37,173,0.848
2025-10-09,Med-Surg,204,36,36,0,28,181,0.8873
2025-10-10,Med-Surg,204,38,38,0,31,188,0.9216
2025-10-11,Med-Surg,204,29,29,0,43,174,0.8529
2025-10-12,Med-Surg,204,29,29,0,33,170,0.8333
2025-10-13,Med-Surg,204,38,38,0,40,168,0.8235
2025-10-14,Med-Surg,204,50,50,0,36,182,0.8922
2025-10-15,Med-Surg,204,44,44,0,38,188,0.9216
2025-10-16,Med-Surg,204,43,43,0,47,184,0.902
2025-10-17,Med-Surg,204,27,27,0,33,178,0.8725
2025-10-18,Med-Surg,204,34,34,0,34,178,0.8725
2025-10-19,Med-Surg,204,23,23,0,36,165,0.8088
2025-10-20,Med-Surg,204,32,32,0,45,152,0.7451
2025-10-21,Med-Surg,204,34,34,0,29,157,0.7696
2025-10-22,Med-Surg,204,37,37,0,38,156,0.7647
2025-10-23,Med-Surg,204,59,59,0,33,182,0.8922
2025-10-24,Med-Surg,204,48,48,0,40,190,0.9314
2025-10-25,Med-Surg,204,26,26,0,48,168,0.8235
2025-10-26,Med-Surg,204,32,32,0,41,159,0.7794
2025-10-27,Med-Surg,204,38,38,0,28,169,0.8284
2025-10-28,Med-Surg,204,50,50,0,29,190,0.9314
2025-10-29,Med-Surg,204,47,47,0,42,195,0.9559
2025-10-30,Med-Surg,204,42,42,0,37,200,0.9804
2025-10-31,Med-Surg,204,49,46,3,42,204,1.0
2025-11-01,Med-Surg,204,38,38,0,46,196,0.9608
2025-11-02,Med-Surg,204,31,31,0,35,192,0.9412
2025-11-03,Med-Surg,204,44,44,0,39,197,0.9657
2025-11-04,Med-Surg,204,48,46,2,39,204,1.0
2025-11-05,Med-Surg,204,47,42,5,42,204,1.0
2025-11-06,Med-Surg,204,37,37,0,52,189,0.9265
2025-11-07,Med-Surg,204,44,44,0,43,190,0.9314
2025-11-08,Med-Surg,204,33,33,0,37,186,0.9118
2025-11-09,Med-Surg,204,41,41,0,39,188,0.9216
2025-11-10,Med-Surg,204,40,40,0,40,188,0.9216
2025-11-11,Med-Surg,204,50,50,0,37,201,0.9853
2025-11-12,Med-Surg,204,47,47,0,46,202,0.9902
2025-11-13,Med-Surg,204,41,41,0,40,203,0.9951
2025-11-14,Med-Surg,204,44,39,5,38,204,1.0
2025-11-15,Med-Surg,204,30,30,0,44,190,0.9314
2025-11-16,Med-Surg,204,29,29,0,40,179,0.8775
2025-11-17,Med-Surg,204,48,48,0,45,182,0.8922
2025-11-18,Med-Surg,204,46,46,0,40,188,0.9216
2025-11-19,Med-Surg,204,38,38,0,50,176,0.8627
2025-11-20,Med-Surg,204,47,47,0,31,192,0.9412
2025-11-21,Med-Surg,204,36,36,0,35,193,0.9461
2025-11-22,Med-Surg,204,41,41,0,33,201,0.9853
2025-11-23,Med-Surg,204,28,28,0,50,179,0.8775
2025-11-24,Med-Surg,204,53,53,0,47,185,0.9069
2025-11-25,Med-Surg,204,46,46,0,48,183,0.8971
2025-11-26,Med-Surg,204,39,39,0,34,188,0.9216
2025-11-27,Med-Surg,204,44,44,0,39,193,0.9461
2025-11-28,Med-Surg,204,58,58,0,49,202,0.9902
2025-11-29,Med-Surg,204,25,25,0,44,183,0.8971
2025-11-30,Med-Surg,204,38,38,0,34,187,0.9167
2025-12-01,Med-Surg,204,52,52,0,47,192,0.9412
2025-12-02,Med-Surg,204,61,45,16,33,204,1.0
2025-12-03,Med-Surg,204,35,35,0,38,201,0.9853
2025-12-04,Med-Surg,204,42,42,0,54,189,0.9265
2025-12-05,Med-Surg,204,47,45,2,30,204,1.0
2025-12-06,Med-Surg,204,35,34,1,34,204,1.0
2025-12-07,Med-Surg,204,31,31,0,40,195,0.9559
2025-12-08,Med-Surg,204,52,52,0,43,204,1.0
2025-12-09,Med-Surg,204,59,51,8,51,204,1.0
2025-12-10,Med-Surg,204,45,41,4,41,204,1.0
2025-12-11,Med-Surg,204,59,38,21,38,204,1.0
2025-12-12,Med-Surg,204,48,48,0,51,201,0.9853
2025-12-13,Med-Surg,204,41,40,1,37,204,1.0
2025-12-14,Med-Surg,204,34,30,4,30,204,1.0
2025-12-15,Med-Surg,204,75,51,24,51,204,1.0
2025-12-16,Med-Surg,204,58,41,17,41,204,1.0
2025-12-17,Med-Surg,204,48,41,7,41,204,1.0
2025-12-18,Med-Surg,204,68,40,28,40,204,1.0
2025-12-19,Med-Surg,204,48,44,4,44,204,1.0
2025-12-20,Med-Surg,204,60,43,17,43,204,1.0
2025-12-21,Med-Surg,204,42,42,0,42,204,1.0
2025-12-22,Med-Surg,204,57,43,14,43,204,1.0
2025-12-23,Med-Surg,204,54,41,13,41,204,1.0
2025-12-24,Med-Surg,204,57,43,14,43,204,1.0
2025-12-25,Med-Surg,204,52,40,12,40,204,1.0
2025-12-26,Med-Surg,204,49,44,5,44,204,1.0
2025-12-27,Med-Surg,204,44,40,4,40,204,1.0
2025-12-28,Med-Surg,204,27,27,0,48,183,0.8971
2025-12-29,Med-Surg,204,54,50,4,29,204,1.0
2025-12-30,Med-Surg,204,48,39,9,39,204,1.0
2025-12-31,Med-Surg,204,64,44,20,44,204,1.0
2026-01-01,Med-Surg,204,47,47,0,49,202,0.9902
2026-01-02,Med-Surg,204,41,41,0,40,203,0.9951
2026-01-03,Med-Surg,204,36,36,0,43,196,0.9608
2026-01-04,Med-Surg,204,20,20,0,39,177,0.8676
2026-01-05,Med-Surg,204,41,41,0,33,185,0.9069
2026-01-06,Med-Surg,204,36,36,0,42,179,0.8775
2026-01-07,Med-Surg,204,59,59,0,42,196,0.9608
2026-01-08,Med-Surg,204,41,41,0,41,196,0.9608
2026-01-09,Med-Surg,204,28,28,0,32,192,0.9412
2026-01-10,Med-Surg,204,32,32,0,51,173,0.848
2026-01-11,Med-Surg,204,31,31,0,42,162,0.7941
2026-01-12,Med-Surg,204,49,49,0,29,182,0.8922
2026-01-13,Med-Surg,204,41,41,0,30,193,0.9461
2026-01-14,Med-Surg,204,59,56,3,45,204,1.0
2026-01-15,Med-Surg,204,34,34,0,47,191,0.9363
2026-01-16,Med-Surg,204,55,51,4,38,204,1.0
2026-01-17,Med-Surg,204,32,32,0,37,199,0.9755
2026-01-18,Med-Surg,204,23,23,0,47,175,0.8578
2026-01-19,Med-Surg,204,53,53,0,46,182,0.8922
2026-01-20,Med-Surg,204,52,52,0,37,197,0.9657
2026-01-21,Med-Surg,204,49,49,0,44,202,0.9902
2026-01-22,Med-Surg,204,49,41,8,39,204,1.0
2026-01-23,Med-Surg,204,43,43,0,45,202,0.9902
2026-01-24,Med-Surg,204,35,35,0,42,195,0.9559
2026-01-25,Med-Surg,204,32,32,0,39,188,0.9216
2026-01-26,Med-Surg,204,41,41,0,43,186,0.9118
2026-01-27,Med-Surg,204,45,45,0,43,188,0.9216
2026-01-28,Med-Surg,204,42,42,0,36,194,0.951
2026-01-29,Med-Surg,204,40,40,0,44,190,0.9314
2026-01-30,Med-Surg,204,51,51,0,48,193,0.9461
2026-01-31,Med-Surg,204,36,36,0,32,197,0.9657
2026-02-01,Med-Surg,204,39,39,0,40,196,0.9608
2026-02-02,Med-Surg,204,50,47,3,39,204,1.0
2026-02-03,Med-Surg,204,52,40,12,40,204,1.0
2026-02-04,Med-Surg,204,44,44,0,50,198,0.9706
2026-02-05,Med-Surg,204,48,43,5,37,204,1.0
2026-02-06,Med-Surg,204,44,37,7,37,204,1.0
2026-02-07,Med-Surg,204,31,31,0,50,185,0.9069
2026-02-08,Med-Surg,204,34,34,0,39,180,0.8824
2026-02-09,Med-Surg,204,55,55,0,33,202,0.9902
2026-02-10,Med-Surg,204,61,44,17,42,204,1.0
2026-02-11,Med-Surg,204,50,44,6,44,204,1.0
2026-02-12,Med-Surg,204,47,45,2,45,204,1.0
2026-02-13,Med-Surg,204,40,40,0,46,198,0.9706
2026-02-14,Med-Surg,204,31,31,0,43,186,0.9118
2026-02-15,Med-Surg,204,38,38,0,46,178,0.8725
2026-02-16,Med-Surg,204,51,51,0,33,196,0.9608
2026-02-17,Med-Surg,204,40,40,0,42,194,0.951
2026-02-18,Med-Surg,204,55,52,3,42,204,1.0
2026-02-19,Med-Surg,204,46,46,0,47,203,0.9951
2026-02-20,Med-Surg,204,35,35,0,36,202,0.9902
2026-02-21,Med-Surg,204,31,31,0,49,184,0.902
2026-02-22,Med-Surg,204,38,38,0,39,183,0.8971
2026-02-23,Med-Surg,204,52,52,0,35,200,0.9804
2026-02-24,Med-Surg,204,51,49,2,45,204,1.0
2026-02-25,Med-Surg,204,55,43,12,43,204,1.0
2026-02-26,Med-Surg,204,41,41,0,44,201,0.9853
2026-02-27,Med-Surg,204,53,42,11,39,204,1.0
2026-02-28,Med-Surg,204,26,26,0,43,187,0.9167
2026-03-01,Med-Surg,204,37,37,0,43,181,0.8873
2026-03-02,Med-Surg,204,51,51,0,43,189,0.9265
2026-03-03,Med-Surg,204,46,46,0,44,191,0.9363
2026-03-04,Med-Surg,204,59,52,7,39,204,1.0
2026-03-05,Med-Surg,204,49,45,4,45,204,1.0
2026-03-06,Med-Surg,204,40,40,0,51,193,0.9461
2026-03-07,Med-Surg,204,32,32,0,47,178,0.8725
2026-03-08,Med-Surg,204,37,37,0,48,167,0.8186
2026-03-09,Med-Surg,204,52,52,0,34,185,0.9069
2026-03-10,Med-Surg,204,33,33,0,35,183,0.8971
2026-03-11,Med-Surg,204,53,53,0,37,199,0.9755
2026-03-12,Med-Surg,204,35,35,0,43,191,0.9363
2026-03-13,Med-Surg,204,44,44,0,44,191,0.9363
2026-03-14,Med-Surg,204,39,39,0,35,195,0.9559
2026-03-15,Med-Surg,204,24,24,0,48,171,0.8382
2026-03-16,Med-Surg,204,51,51,0,35,187,0.9167
2026-03-17,Med-Surg,204,40,40,0,31,196,0.9608
2026-03-18,Med-Surg,204,56,53,3,45,204,1.0
2026-03-19,Med-Surg,204,44,34,10,34,204,1.0
2026-03-20,Med-Surg,204,30,30,0,44,190,0.9314
2026-03-21,Med-Surg,204,27,27,0,43,174,0.8529
2026-03-22,Med-Surg,204,40,40,0,45,169,0.8284
2026-03-23,Med-Surg,204,39,39,0,27,181,0.8873
2026-03-24,Med-Surg,204,39,39,0,39,181,0.8873
2026-03-25,Med-Surg,204,33,33,0,34,180,0.8824
2026-03-26,Med-Surg,204,39,39,0,38,181,0.8873
2026-03-27,Med-Surg,204,30,30,0,35,176,0.8627
2026-03-28,Med-Surg,204,24,24,0,42,158,0.7745
2026-03-29,Med-Surg,204,29,29,0,33,154,0.7549
2026-03-30,Med-Surg,204,48,48,0,33,169,0.8284
2026-03-31,Med-Surg,204,39,39,0,29,179,0.8775
2026-04-01,Med-Surg,204,41,41,0,39,181,0.8873
2026-04-02,Med-Surg,204,53,53,0,45,189,0.9265
2026-04-03,Med-Surg,204,48,48,0,35,202,0.9902
2026-04-04,Med-Surg,204,27,27,0,43,186,0.9118
2026-04-05,Med-Surg,204,33,33,0,41,178,0.8725
2026-04-06,Med-Surg,204,45,45,0,42,181,0.8873
2026-04-07,Med-Surg,204,56,51,5,28,204,1.0
2026-04-08,Med-Surg,204,47,31,16,31,204,1.0
2026-04-09,Med-Surg,204,50,49,1,49,204,1.0
2026-04-10,Med-Surg,204,42,33,9,33,204,1.0
2026-04-11,Med-Surg,204,39,39,0,62,181,0.8873
2026-04-12,Med-Surg,204,30,30,0,40,171,0.8382
2026-04-13,Med-Surg,204,49,49,0,37,183,0.8971
2026-04-14,Med-Surg,204,29,29,0,40,172,0.8431
2026-04-15,Med-Surg,204,50,50,0,40,182,0.8922
2026-04-16,Med-Surg,204,33,33,0,34,181,0.8873
2026-04-17,Med-Surg,204,34,34,0,46,169,0.8284
2026-04-18,Med-Surg,204,44,44,0,32,181,0.8873
2026-04-19,Med-Surg,204,31,31,0,48,164,0.8039
2026-04-20,Med-Surg,204,46,46,0,39,171,0.8382
2026-04-21,Med-Surg,204,51,51,0,36,186,0.9118
2026-04-22,Med-Surg,204,34,34,0,44,176,0.8627
2026-04-23,Med-Surg,204,40,40,0,50,166,0.8137
2026-04-24,Med-Surg,204,35,35,0,34,167,0.8186
2026-04-25,Med-Surg,204,35,35,0,33,169,0.8284
2026-04-26,Med-Surg,204,37,37,0,38,168,0.8235
2026-04-27,Med-Surg,204,39,39,0,34,173,0.848
2026-04-28,Med-Surg,204,51,51,0,28,196,0.9608
2026-04-29,Med-Surg,204,31,31,0,48,179,0.8775
2026-04-30,Med-Surg,204,36,36,0,39,176,0.8627
2026-05-01,Med-Surg,204,27,27,0,34,169,0.8284
2026-05-02,Med-Surg,204,44,44,0,54,159,0.7794
2026-05-03,Med-Surg,204,38,38,0,39,158,0.7745
2026-05-04,Med-Surg,204,42,42,0,37,163,0.799
2026-05-05,Med-Surg,204,44,44,0,38,169,0.8284
2026-05-06,Med-Surg,204,33,33,0,30,172,0.8431
2026-05-07,Med-Surg,204,37,37,0,33,176,0.8627
2026-05-08,Med-Surg,204,50,50,0,44,182,0.8922
2026-05-09,Med-Surg,204,30,30,0,42,170,0.8333
2026-05-10,Med-Surg,204,28,28,0,33,165,0.8088
2026-05-11,Med-Surg,204,38,38,0,39,164,0.8039
2026-05-12,Med-Surg,204,42,42,0,35,171,0.8382
2026-05-13,Med-Surg,204,41,41,0,33,179,0.8775
2026-05-14,Med-Surg,204,34,34,0,47,166,0.8137
2026-05-15,Med-Surg,204,32,32,0,33,165,0.8088
2026-05-16,Med-Surg,204,37,37,0,35,167,0.8186
2026-05-17,Med-Surg,204,29,29,0,37,159,0.7794
2026-05-18,Med-Surg,204,52,52,0,44,167,0.8186
2026-05-19,Med-Surg,204,41,41,0,41,167,0.8186
2026-05-20,Med-Surg,204,48,48,0,34,181,0.8873
2026-05-21,Med-Surg,204,40,40,0,37,184,0.902
2026-05-22,Med-Surg,204,37,37,0,45,176,0.8627
2026-05-23,Med-Surg,204,32,32,0,31,177,0.8676
2026-05-24,Med-Surg,204,30,30,0,40,167,0.8186
2026-05-25,Med-Surg,204,37,37,0,32,172,0.8431
2026-05-26,Med-Surg,204,33,33,0,40,165,0.8088
2026-05-27,Med-Surg,204,35,35,0,36,164,0.8039
2026-05-28,Med-Surg,204,32,32,0,38,158,0.7745
2026-05-29,Med-Surg,204,33,33,0,22,169,0.8284
2026-05-30,Med-Surg,204,35,35,0,44,160,0.7843
2026-05-31,Med-Surg,204,36,36,0,35,161,0.7892
2026-06-01,Med-Surg,204,48,48,0,39,170,0.8333
2026-06-02,Med-Surg,204,35,35,0,32,173,0.848
2026-06-03,Med-Surg,204,27,27,0,49,151,0.7402
2026-06-04,Med-Surg,204,34,34,0,33,152,0.7451
2026-06-05,Med-Surg,204,39,39,0,42,149,0.7304
2026-06-06,Med-Surg,204,25,25,0,33,141,0.6912
2026-06-07,Med-Surg,204,39,39,0,34,146,0.7157
2026-06-08,Med-Surg,204,48,48,0,24,170,0.8333
2026-06-09,Med-Surg,204,43,43,0,35,178,0.8725
2026-06-10,Med-Surg,204,31,31,0,27,182,0.8922
2026-06-11,Med-Surg,204,30,30,0,44,168,0.8235
2026-06-12,Med-Surg,204,37,37,0,51,154,0.7549
2026-06-13,Med-Surg,204,23,23,0,28,149,0.7304
2026-06-14,Med-Surg,204,28,28,0,34,143,0.701
2026-06-15,Med-Surg,204,46,46,0,40,149,0.7304
2026-06-16,Med-Surg,204,37,37,0,31,155,0.7598
2026-06-17,Med-Surg,204,44,44,0,37,162,0.7941
2026-06-18,Med-Surg,204,41,41,0,33,170,0.8333
2026-06-19,Med-Surg,204,35,35,0,35,170,0.8333
2026-06-20,Med-Surg,204,32,32,0,42,160,0.7843
2026-06-21,Med-Surg,204,22,22,0,35,147,0.7206
2026-06-22,Med-Surg,204,47,47,0,24,170,0.8333
2026-06-23,Med-Surg,204,30,30,0,34,166,0.8137
2026-06-24,Med-Surg,204,41,41,0,37,170,0.8333
2026-06-25,Med-Surg,204,36,36,0,39,167,0.8186
2026-06-26,Med-Surg,204,26,26,0,37,156,0.7647
2026-06-27,Med-Surg,204,32,32,0,37,151,0.7402
2026-06-28,Med-Surg,204,30,30,0,37,144,0.7059
2026-06-29,Med-Surg,204,38,38,0,37,145,0.7108
2026-06-30,Med-Surg,204,48,48,0,22,171,0.8382
2026-07-01,Med-Surg,204,29,29,0,34,166,0.8137
2026-07-02,Med-Surg,204,31,31,0,25,172,0.8431
2026-07-03,Med-Surg,204,39,39,0,34,177,0.8676
2026-07-04,Med-Surg,204,27,27,0,38,166,0.8137
2026-07-05,Med-Surg,204,33,33,0,45,154,0.7549
2026-07-06,Med-Surg,204,31,31,0,31,154,0.7549
2026-07-07,Med-Surg,204,37,37,0,30,161,0.7892
2026-07-08,Med-Surg,204,36,36,0,34,163,0.799
2026-07-09,Med-Surg,204,31,31,0,30,164,0.8039
2026-07-10,Med-Surg,204,38,38,0,34,168,0.8235
2026-07-11,Med-Surg,204,25,25,0,38,155,0.7598
2026-07-12,Med-Surg,204,27,27,0,34,148,0.7255
2026-07-13,Med-Surg,204,36,36,0,29,155,0.7598
2026-07-14,Med-Surg,204,32,32,0,24,163,0.799
2026-07-15,Med-Surg,204,38,38,0,41,160,0.7843
2026-07-16,Med-Surg,204,27,27,0,23,164,0.8039
2026-07-17,Med-Surg,204,38,38,0,29,173,0.848
2026-07-18,Med-Surg,204,40,40,0,49,164,0.8039
2026-07-19,Med-Surg,204,28,28,0,48,144,0.7059
2026-07-20,Med-Surg,204,35,35,0,34,145,0.7108
2026-07-21,Med-Surg,204,44,44,0,30,159,0.7794
2026-07-22,Med-Surg,204,44,44,0,33,170,0.8333
2026-07-23,Med-Surg,204,39,39,0,35,174,0.8529
2026-07-24,Med-Surg,204,43,43,0,43,174,0.8529
2026-07-25,Med-Surg,204,34,34,0,36,172,0.8431
2026-07-26,Med-Surg,204,23,23,0,46,149,0.7304
2026-07-27,Med-Surg,204,36,36,0,33,152,0.7451
2026-07-28,Med-Surg,204,36,36,0,33,155,0.7598
2026-07-29,Med-Surg,204,36,36,0,30,161,0.7892
2026-07-30,Med-Surg,204,45,45,0,34,172,0.8431
2026-07-31,Med-Surg,204,39,39,0,27,184,0.902
2026-08-01,Med-Surg,204,28,28,0,34,178,0.8725
2026-08-02,Med-Surg,204,32,32,0,39,171,0.8382
2026-08-03,Med-Surg,204,48,48,0,38,181,0.8873
2026-08-04,Med-Surg,204,45,45,0,36,190,0.9314
2026-08-05,Med-Surg,204,41,41,0,29,202,0.9902
2026-08-06,Med-Surg,204,43,43,0,47,198,0.9706
2026-08-07,Med-Surg,204,46,42,4,36,204,1.0
2026-08-08,Med-Surg,204,34,34,0,40,198,0.9706
2026-08-09,Med-Surg,204,27,27,0,42,183,0.8971
2026-08-10,Med-Surg,204,29,29,0,40,172,0.8431
2026-08-11,Med-Surg,204,42,42,0,48,166,0.8137
2026-08-12,Med-Surg,204,39,39,0,42,163,0.799
2026-08-13,Med-Surg,204,61,61,0,42,182,0.8922
2026-08-14,Med-Surg,204,38,38,0,35,185,0.9069
2026-08-15,Med-Surg,204,28,28,0,40,173,0.848
2026-08-16,Med-Surg,204,30,30,0,37,166,0.8137
2026-08-17,Med-Surg,204,50,50,0,42,174,0.8529
2026-08-18,Med-Surg,204,33,33,0,38,169,0.8284
2026-08-19,Med-Surg,204,34,34,0,29,174,0.8529
2026-08-20,Med-Surg,204,36,36,0,42,168,0.8235
2026-08-21,Med-Surg,204,41,41,0,46,163,0.799
2026-08-22,Med-Surg,204,30,30,0,36,157,0.7696
2026-08-23,Med-Surg,204,36,36,0,31,162,0.7941
2026-08-24,Med-Surg,204,48,48,0,36,174,0.8529
2026-08-25,Med-Surg,204,39,39,0,29,184,0.902
2026-08-26,Med-Surg,204,49,49,0,37,196,0.9608
2026-08-27,Med-Surg,204,39,39,0,42,193,0.9461
2026-08-28,Med-Surg,204,35,35,0,40,188,0.9216
2026-08-29,Med-Surg,204,36,36,0,39,185,0.9069
2026-08-30,Med-Surg,204,24,24,0,33,176,0.8627
2026-08-31,Med-Surg,204,37,37,0,49,164,0.8039
2026-09-01,Med-Surg,204,39,39,0,33,170,0.8333
2026-09-02,Med-Surg,204,40,40,0,36,174,0.8529
2026-09-03,Med-Surg,204,31,31,0,40,165,0.8088
2026-09-04,Med-Surg,204,35,35,0,37,163,0.799
2026-09-05,Med-Surg,204,42,42,0,26,179,0.8775
2026-09-06,Med-Surg,204,26,26,0,38,167,0.8186
2026-09-07,Med-Surg,204,45,45,0,41,171,0.8382
2026-09-08,Med-Surg,204,25,25,0,35,161,0.7892
2026-09-09,Med-Surg,204,42,42,0,41,162,0.7941
2026-09-10,Med-Surg,204,54,54,0,52,164,0.8039
2026-09-11,Med-Surg,204,37,37,0,36,165,0.8088
2026-09-12,Med-Surg,204,25,25,0,44,146,0.7157
2026-09-13,Med-Surg,204,35,35,0,32,149,0.7304
2026-09-14,Med-Surg,204,36,36,0,29,156,0.7647
2026-09-15,Med-Surg,204,39,39,0,24,171,0.8382
2026-09-16,Med-Surg,204,43,43,0,29,185,0.9069
2026-09-17,Med-Surg,204,36,36,0,41,180,0.8824
2026-09-18,Med-Surg,204,35,35,0,33,182,0.8922
2026-09-19,Med-Surg,204,28,28,0,47,163,0.799
2026-09-20,Med-Surg,204,27,27,0,30,160,0.7843
2026-09-21,Med-Surg,204,33,33,0,39,154,0.7549
2026-09-22,Med-Surg,204,40,40,0,37,157,0.7696
2026-09-23,Med-Surg,204,49,49,0,29,177,0.8676
2026-09-24,Med-Surg,204,35,35,0,37,175,0.8578
2026-09-25,Med-Surg,204,33,33,0,39,169,0.8284
2026-09-26,Med-Surg,204,28,28,0,35,162,0.7941
2026-09-27,Med-Surg,204,22,22,0,38,146,0.7157
2026-09-28,Med-Surg,204,40,40,0,47,139,0.6814
2026-09-29,Med-Surg,204,46,46,0,32,153,0.75
2026-09-30,Med-Surg,204,55,55,0,32,176,0.8627
